username_anon,Age,Gender,HDICountry,Lang,JobStatut,HasKids,Education,ParentsEducation,FirstTimeMOOC,InCohort
4b920e26902d0e08cd4c72b7367f637411110c52c3c9c14a3677b670d926803e,0,1,1,1,0,1,1,-1,1,1
44a334664f658f52424df49bbadb9c459a4cee570999697f379f64120fcaf662,0,1,0,1,0,1,0,-1,1,1
c43d1320b7397a9bc1a44ca55914b4387e6198c079743cbdd326c38dd16c20da,0,0,1,1,0,1,0,0,1,1
520dbb5e4efed31e857725666b31d565d37feb48323ac3f782a8f3c763c4025c,0,0,0,1,0,1,0,1,1,1
14263d0338ce73f371ec3fcd29106052fdf515f2cc91c710ae783f40c4c91367,1,1,0,1,0,1,1,0,1,1
4c83ddc5c2e7ff8356b82c27caf1635d0ad7ac95bea9ff8dc3628685457f9faf,1,0,0,1,0,0,0,1,1,1
92298af6f359932ea40ed04de286fac8569053d09d77b5d640141504cdf73ad1,0,0,0,0,0,1,0,1,1,1
5297a87bc30b6f5aed0903ed551b23dadb12f85a9ecf9126d85a64519e6e27fa,1,0,1,1,1,1,1,0,0,1
7eade949ec535bb8e28396a448a0c1ffb0da278e952c029ba3790fc9a0792c09,0,0,1,1,0,1,0,0,0,1
b398dd1555b58b15b8c3fa7fae49330532fb9cc41ea740127cb43d4156dda88e,0,1,1,1,0,1,0,1,0,1
74d1e1136b07f9503bc08bd9b9641a4f1995e44a6b94b72cb4a7830203aabd9b,1,1,1,1,1,0,1,1,1,1
fbec6c23a65663676690c1a7aff00ff7b04e02cdc5096c307566ceeba8da4ceb,0,0,1,1,1,1,1,1,1,1
f91c186f9159a6d75cd9c807274de45f9ece91e9402cd4e973d729d8a6047f04,0,1,1,1,0,1,0,0,1,1
368de64ac06c244bb6313958ce0531e64bd43d911dce28f5872e15cc2d5f301f,1,1,1,1,1,0,1,0,1,1
39cbe92e719698433a7ecce6a9f86943d2745bd87f9fb13af24d1bc7db130507,1,1,1,1,1,0,0,0,0,1
4399e37d330239f54194047ac4f7500caa8e4cc2b2ebf62fb5fa36f3ccb60330,0,0,1,1,0,1,0,1,0,1
0c32def81b07a755664ff30f0ba231bbfeb75a324f2e9c55b0ecce249e30d006,1,1,1,1,1,0,0,1,1,1
b6507cb96a94a58f69fddb0ebdf7009c85d807749fb15797197eb13aef5eee88,0,1,1,1,0,1,0,1,1,1
2d14e7536ea1cb6c47ac7c13dd430100857de37210cb475b00d8555fdad57618,0,1,1,1,0,1,0,0,1,1
3de591f65c02db02e33d1f17f4ede3db96e55061e6a00b89fe9730dcfdcd70cf,0,1,1,0,0,1,1,0,1,1
f8f6e029e5220366aab5452c38aea5673d8c1e061e3cc16e3c0a53c9ea16d1d8,0,1,1,1,0,1,0,1,1,1
86ea7f55aa68751ebe50f35dd0ae7ebb8c1e376278b200cdf57c6590c30c4c4d,0,1,1,0,0,1,0,1,1,1
3cbaab331be6271353d48582d54e2c828db7ad580fd30a902cddbd5e571c2990,0,0,1,1,0,1,0,0,1,1
3f5befb1afcef7c67fa253be716ed9221fda1fa43507a88193dcbd2a2b391118,0,0,1,0,0,1,1,1,1,1
aff32a6ec317819c870f167d4ce61246e6e171f7222229cebd5d375b529703a3,0,1,1,0,0,1,0,1,1,1
41e6ae5d4842a862314c0ba09927b58aab668f7d0cbc51a84a191613d5f92540,0,1,1,1,0,1,0,0,1,1
713b509e1f42b89f8cd00182bf5043c212b53c3f459f3278aece1584f48a4dba,0,0,1,1,0,1,1,0,0,1
9f8159d2d15adfa40eeba4e0a671e5445fad23a4bca23c3573de65245ba7139f,0,0,1,1,0,1,0,0,0,1
20a8e5fe465c90a1acbe87be2849a25ccc4cec0a1a2b4fb7843116bab3e672d6,0,0,1,0,0,1,0,0,0,1
ee9a38e7e3a72fd0315091cbec4c2ce2b8512ba6e140c4b0fc827d7ed105f519,0,0,1,1,0,1,0,1,0,1
b503f1315b8c323a48fed0670208311a8a5ad7832d34b3211aa51cf40d460d07,0,0,1,1,0,1,0,1,1,1
126fa5f71867cf1526b9e2fc69c96271fe6654c7c475b71b891bc3725e7ba1a1,0,0,1,0,0,1,0,0,0,1
fd8cc30819a00551d7558cb8a060a4e04f0ec7f2d0388632d71cb653677789a4,0,0,1,1,0,1,0,1,0,1
ce4a005f53fe506ee8cfb07473e4b07d387766bce7abdb607249dcf4a0c7cf68,0,0,1,1,0,1,0,1,1,1
0aa757bd69c146bb78e03960bb247a07e82a918e15faac7e82d115a3b79acc53,0,0,1,1,0,1,0,1,0,1
ac5a8eae5b119bda35af4b882eb14d5b27b482b536b4c985fc8ba2df30f3e0fb,0,0,1,1,0,1,0,1,0,1
024d6fd0d97d34151aa482e1db98d1f1dcefa327517b2b3dec4ca930932dd01c,0,0,1,1,0,1,0,1,0,1
d08de56cc731b2226e116ea811e2a455ea01785036310596cbba47e7783599f1,0,1,1,1,0,1,0,0,0,1
9d100cd7f377a2192edf5d49109731ca6313989716cf9e5def35f2008065dab5,0,1,1,0,0,1,0,0,0,1
4b9d98246af0d340139d49d0a69ed4378f23d74318a3bc0386d498d4de6a5630,0,1,1,1,0,1,0,1,1,1
e444140b55ea4ee3189b1235e915e3646d1974a99822676ef726e0ba2dd90daf,0,1,1,0,0,1,0,1,0,1
cea4653881442c80325b8ba65989415a7e1510ad8a462b98b4665317dc0a083e,0,1,1,1,0,1,0,0,0,1
54bccdcfbb0be60f3e2be073797adf0f42ae049ebdbeb1e607d1c0fe42f094e9,0,0,1,0,0,1,0,0,0,1
5c15e044a4a4df686ef923f2c26cc84977813adce0e31ced228cf04d68ec601b,0,1,1,1,0,1,0,1,0,1
86bfb233b40d0e56eba06b2d4cdef23f8851db097ceef4958af8c22fd5006b73,0,1,1,0,0,1,1,0,0,1
c9358632b8769451b7e4d1f5c26fd01346bdebf93b7fa2d6f5f3bf21a0457a9f,0,1,1,1,0,1,0,1,0,1
d2d22c0d9c8c869626367844063f1ae4b2288ab730f900203da22948934ad922,0,0,1,1,0,1,1,1,1,1
2b6baa34503373d8b23bcbef7b895d28c08543ce570873a86af0f228b5cfd6e0,0,1,1,1,0,1,0,1,1,1
f2a14016e394922438271111109952a7c80ed1638c0b7056d701c81c8fe6ed37,1,0,1,1,1,0,1,-1,1,1
3e839fafe0b30c5d1f6d330d76cec876de46589b72aef4550c937884b70ad70f,1,1,1,1,1,0,1,1,1,1
57f513adf74baaac38d2122440eb0caee55b0f3d1ccbfebdba6404badd210f73,1,0,1,1,1,1,1,1,1,1
f8da0ae5e38566e6c864ba6153cf22607520bbf02afbfe9b1feb50d9967b176a,1,1,1,1,1,0,1,1,0,1
dd2d9c72049305222e23425a612dbc787542a9449604f44d478b081c03084300,1,1,1,1,1,0,1,0,0,1
51e9fa6d588a1adee4bb6ea2d120ea2b9418b35cd21afd2d4650b9c833885ea9,0,1,1,1,0,1,0,1,0,1
9b3559a410c717538aaab39c3b97628c80daf8567006313aeaf2c7cf8ae5aead,0,1,1,1,0,1,0,0,0,1
0c8f6901e2e997cef8be51867fbd110682c754fe5024787fe45bb9c4294100d9,0,1,1,1,0,1,0,1,0,1
0472b42372e52ba574a4b20caf7f331a3b2900a1641f04c147c08cae11941aff,0,1,1,1,0,1,1,1,1,1
c71cb1d70f320b89319bda0e96e3abdd0ac0d3b598896ee71e9c6c98344af189,1,1,1,1,1,0,0,0,1,1
bd03eaa59fa0cc53eaef6e13d1fd90d26f2bf806401569e9fef511c426614da8,1,0,1,1,1,0,1,1,1,1
a19cc58b05e37843483a9c960a599611f0b615827f56d1c4d67f30a9fd7831df,0,1,1,1,1,1,1,1,1,1
9529517165c3e5d7517f42d1c37bec3b343831bb0cb332f95ab042d38b1f163c,0,1,1,1,0,1,0,0,1,1
df91064eeb499cab9ce1739cb272faf478063a20a86d8fc85506764dcc59a40c,1,1,0,1,1,0,0,1,0,1
d1aba9ea92fc923c48564126b58f7e814aa7b1d68be5dba1dfe1c90af5ad684b,0,1,1,1,0,1,1,0,1,1
6522f1c1f9b4b3a9c0b8f0928794421edc06727a8cd775420aa118b65d10dc03,1,1,1,1,0,0,1,0,1,1
04b2a6cb69b28da348991fff15b68bd9cb87cb1e0aa4bc1ada6856928d95792d,1,0,1,1,0,0,1,0,0,1
db0219e448444db6cbff422edf56c9bedfaefce3de4bb51ce8f28b30d0a1c495,0,1,1,1,0,1,0,1,1,1
02a418b615d01fa817c7c6e6a54b3b4adb288c56a17cc0470a1ad0eabbed0296,1,1,1,1,1,0,0,-1,1,1
d76c84c18e764a02cc34b2ed4dc17d224b3784cdb3297b3711d01e6fb83020aa,0,1,1,1,0,1,1,1,1,1
216a05965a7316692f918fa06d8fb476472e78c40fa64ba5345930c4e0b92e9a,0,1,1,1,0,1,0,1,0,1
7015408f8c61b10bede027d706f375ce4b452751939efb65f8c44c51913d0b42,0,1,1,1,0,1,0,1,0,1
9af8a0b930551e974838099599ba6b91a0c4bf26272e7db370099442f3f04a4c,0,0,1,1,0,1,0,1,0,1
3f3cf9d99eaf49ce5129296dd0d1a2753c72c1e520069b1c2c413592e47c6f6a,0,1,1,1,0,1,0,1,0,1
35c1a92107fbcdba83d553452e5d910eba24d7032a175b276e3adc21eb21cb8b,0,1,1,1,0,1,1,0,1,1
308081bd09798ff7d32d6735928e959ced5dc4ce63e645d35e355ae7fba84862,1,1,1,1,0,0,1,-1,1,1
7d3f9cdfb56c875eddf62cab87946d80a00078a93343f27829356eddf374791b,0,1,1,1,0,1,1,1,1,1
66a2975bf94d89f04b8c06409a152dd946f06da69fee5bbcc8be35c4bcd762c9,1,1,1,0,0,1,1,0,0,1
21816cf2343d173283254781123a426c9d25c1374722f689aeced3784080caa0,0,0,1,1,0,1,1,1,1,1
204cb92361ed7c5e8f5f9e69167cbace3b59315d739dbad3b15d14a330e460ab,0,0,1,1,0,1,1,1,1,1
abbe0fa60c5540759f8d21e413f163a1813225772546061a4eccd2cdb6fa64e3,0,1,1,1,0,1,0,1,0,1
d47c9eb0944475de433bf2e4eef4ed298f56000b1097fca759e76907c2af6093,0,1,1,1,0,1,0,1,1,1
abfdf3dea26619d3d94ae9c66fafd479f6f1432468be13bc73a5812999c3c54e,0,1,1,1,0,1,0,-1,0,1
1974d5266c43fbc218d96c9a40b9b785e95802c1d7fc1afdcee791bbaa5aa3f4,0,1,1,1,0,1,0,1,1,1
0d61a09ab03595902174b8170c706b75ab0f8b7d88ee2b7acfa1ccbce25e6298,0,1,1,0,0,1,0,1,1,1
b22919a7282d9bd6b69a61f6139d289ebaa463bf7216a98ec52b33477df27a5a,0,0,1,1,0,1,0,1,1,1
20959f7b82d26100632fac2edd4f37195a51da03fe15ef96f8827b9872c22e14,1,1,1,1,0,0,0,1,1,1
c4006c60e998f9aa33dface2cfc830abc81dc57a1ae8481b32c16aae1d855850,1,1,1,1,1,0,1,0,0,1
a3f11b1dc2d05c2eae60bb20516f78f60b0acf3c1ab8380c99076bbefbde0d87,1,1,1,1,0,1,0,0,1,1
5dd2429c2682ca96edaaab93c56f81e2e19dafd6707fc8f285d933241b6b4bfb,0,0,1,1,0,1,0,1,0,1
fbeff30ffb080559592ee3f4e45c0974d55cad842d2535982349ba47d36970e0,0,1,1,1,0,1,0,0,1,1
a22b7a61ed8d078162eb7cb86bf6c57f17340ce720c6dab0ef896ac520bae274,0,1,1,1,0,1,0,1,0,1
75b0efb3c661f080cf141dec760e07ea2a1a396c02fc4a52a9bf06872c817a1d,0,0,1,1,0,1,0,0,0,1
1863bc4d9cc0723d2bb8357ec69c986ff97e5b421f1ed9318d0a6c93d68390d5,0,1,1,1,0,1,0,-1,1,1
c68f343c4fb1bbde32a6cfdbdbfc2a4bd426972bdc6c5cd030df61509b820112,0,0,1,1,0,1,0,1,1,1
ae455339b574a57efca5613da8bf1bac93b05ac7381440fa41ec30b07a99e79a,0,0,1,1,0,1,0,0,1,1
78600e8a98ec01e04cb6c2110df55b348813e6d0b0d8723f30c00ee386d5cc5d,0,1,1,1,0,1,0,1,1,1
7169921e7ffec53a5e7c88dfd745e687c70c445f1a7a135be22c2db1c71df6bc,0,1,1,1,1,1,1,1,0,1
9b62037606517f775bfd218eee4f07483f5041115e7ee71c57fe09f857c6f65f,0,0,1,1,0,1,0,0,1,1
416b1737fcc40847a57d422be078cf3de1f7320c55fdadbcbfb5184ec23a83b4,0,0,1,1,0,1,0,0,1,1
3d8f6f65ed11c39ad523e80dbbfa8fad731eee904a7cb18103fa4cbbdba10126,1,0,1,1,0,1,0,1,1,1
f8e859ea22856ac775a3800863aa93d39ae5f5b66a3985df4930ea14763f1a3c,0,0,1,1,0,1,0,0,0,1
484f11c19b73db628b7ad8725dab8a82976cfe919397f18a5b60fd24a2b96dac,0,1,1,1,0,1,1,0,0,1
2b6f8183ff103a296c4bc48260ee5f34dce470cd49962e82e52a32cfff49323a,0,0,0,0,1,0,0,1,1,0
74b9560fc7fc170c3db9aa87442388cc43279a47748cad2fab3295abd025fe65,1,0,1,1,0,0,1,-1,1,0
e9958e811a131de85c655a52fdbf4a5985380e23b003dfaa46d558bdb11496e9,0,0,0,0,0,1,1,0,1,0
1355b9baf7ccdebe7effdbfe5751cf94455e39eef8986bf33c02214083a2e7b2,0,0,0,0,0,1,1,1,1,1
108e321b55a5750d29ec9f7339c5b9fda5ad7baf8e3d2f0fdf28eea245ba1179,1,0,0,0,0,0,1,1,1,0
c947d0b1ed729bac833dfd8ad50c0ba38b81b174fd8ff6bc97d2bdb2e429fbe7,1,0,0,0,1,0,0,1,1,0
c7a1b6a24f91123159a5a6e976280879bfacbbe951836cc38d7095b92b5794e9,0,0,0,1,0,1,0,-1,0,0
675d1bd30fe36147939a3ff1f65624d29665c4073f1b988895171f4eed09d51c,0,0,0,1,1,1,0,1,1,0
81e215650ae8784cb3b5a3bc2d66f995432fd1b0d5ba3fe253becb74dc4b8d71,1,0,0,1,1,0,0,-1,1,0
b3a29bb84706e4644d7719b310bf6df0c2cb96d373634b79076f3a44047cbb09,1,0,0,0,1,0,1,-1,1,0
0ad2e4d7a23461b0346a6b81fcec51db8d23ebcf5028c2636d65d054749245cb,1,0,0,0,1,0,1,1,1,0
98ee3a8f4a55ea3f968de7264a5e3eae91506bf674137ec1db6f9d56d7f80593,0,0,0,1,0,1,0,0,1,0
822b8fd4d9ce03f044f3f4c49d8181ace7935e11418101abfff0d7819c28809f,1,0,0,0,0,0,1,-1,0,0
2bb6a05ec23f79772ab761dcea0a1520fb420feb63ecf82935e7fd61b0a3fbf2,0,1,0,0,0,1,0,1,0,0
64679858c767e7e5ded32d306fbfe5adb011c3a32c9be5f265925ef0b5472ed8,0,0,0,1,0,1,1,1,1,0
a013e48159cc0f36b0044e9b08c14c4a7a8ce5e34ae7e88f89f44487620fb098,1,0,1,1,1,0,1,1,1,0
45b1b52db142a6550bc44c51a6f45f6eb69a4b75b526dd855bc6866560fb2161,0,0,1,1,0,1,0,0,0,1
f1b548aabb0d7996769626cf50a3e9770843ab90e83e00cde02b0c6964b4ffc9,1,1,0,0,0,1,1,0,1,0
ebacdf7843866e42909a47b07dbfa06b946e95596ffc6d4e2412fdd325c44b30,1,0,0,1,0,1,0,1,1,0
b3b6dc800ab329760ff0784a79eb874074e5f3d37b4d116f0c4cf2d7644be847,0,1,1,1,1,1,1,1,0,0
90abd8d0c67a183b16e2d572298591adb2f8464da751fb85e1bfae80119e3dd8,1,1,1,1,0,1,1,0,1,0
8c513b6c91bc0955ecdea80d49c2a891193da312102ada6717baafb98cda792d,1,1,1,0,0,1,1,0,1,0
19740a5b2ddb4ac1069c9587f636903381d1545020d71dbc42db337f654c74c5,0,0,0,1,1,1,0,1,1,1
6fdbf34d27a2b958c8f163781784068d1fd17893c0be5f9b6480ba81fd40dbe3,0,0,0,0,0,1,0,0,0,0
eb125e7866772764346129f50195980a7d3383a5d752b6e18d2dcd2be9b6313a,0,0,0,0,1,0,1,1,1,0
708f33365be591f3b68cec4f17d6e82eba164586c6bda5e9b5ee981948e5306b,1,1,0,1,1,0,0,1,1,0
1b5787c63ed2dc63f6626070cddc05e0090f61fd797fb328fb08a3659531362f,1,0,0,0,1,0,1,0,1,0
41d68c82dac1b6bb14689ef6355a73ba7963acf68fff390b36357ffaf2410f34,1,1,1,1,1,0,1,1,0,0
4fe40019182cea2f905e6155f2bb54b7df63ee22256ec2cfa4fc198a28dd22f6,1,0,0,0,0,0,1,1,1,0
d4eaab075de4a074a8fc8cd5a905b6a2fdba66c0518545369d68fc91ae7aa7d6,0,1,0,1,0,1,0,1,0,0
f51887c0c9660a265483dfd22c58585d9d64b8f27f5243b5e6bd2ca531cb4d31,0,0,0,0,0,1,0,0,1,1
959e2eb6e4f30b37b03fc557230b3a1d4a4304df03f9037c4f67c2310b1fc050,1,1,0,0,1,0,0,-1,0,0
41ba8c87dc0c515a00577830a2b8b4e39b28bf96419808bff33621414353544f,0,1,0,0,0,1,0,0,1,0
3424ea35e532c9312452af660fb37f7296be2227af6a45ed141a5304439f6a9c,1,0,0,0,0,0,1,1,1,1
9bdffed901152a813e38a4a5282991e49b531df4af44fc3cb133779da6a486ba,1,1,1,1,1,0,1,1,1,0
3d6442972d7a09446d1d4cc5670b1cab5cf9c008c4cdcc15ccc0ee1568f2a8f6,0,0,1,1,1,1,1,0,0,0
ba07174f9f16485203c9fab62fd818e78bcae54721c31c7b37cbdef9a8620d24,0,0,0,1,1,0,1,1,1,1
ec617d8cf5c9ba8fa5818fc6b255504179d0b3a02732da502d9e33409c5746bd,0,0,0,1,0,0,0,0,1,0
a6bb128a2a993f4648cb171ac223044af62000caf8e3b5684292413206f2ff85,1,0,0,1,0,0,0,1,1,0
e0d2d7e1843e576f54556c922c8b3351d35c6310f3343dca9b42ed3c49aa22eb,1,0,1,1,0,0,0,0,0,0
a118161e14549b3f06f6fad56982c8ab6cce2754e6151fe285fbeaa2c9e968b7,1,0,0,0,1,0,0,-1,0,0
25865514c6fc1b07288fb6863d456d4cf20af5fba63cd75d9ca5991162232a4b,0,1,1,1,1,1,1,1,1,0
60c3b4b9268b8ec022e9f1c61348ec4d5209edbe461f57eb081b55e59c3e6345,1,0,1,1,1,1,1,0,1,0
e06acd15f56060a85f385db4ff94086e0191241bcc896880a524f9b5ec21c89e,0,0,0,1,0,1,0,1,1,1
221ce8e38fb8f6a181d02aa2ac1a0f6f7fe8a442c904a7e6bea5078764f8c123,1,0,0,0,0,0,1,1,1,0
171788464d2c4307533bc54d735bebdf7e22efacf7b169d800fb18fdd0976a55,1,0,0,0,1,0,0,-1,1,0
1040026e7c3ba4eadfffb6473a86a1d258e7340b9e21e24a13b5dcdbed66849a,1,1,1,1,1,0,0,0,0,0
26777828d913b88cfb708b8ebb6342d564e69c47f1fdea4aebbc784da50f9b60,0,2,1,1,0,1,1,1,1,0
e01809d26f7bf54a1b8282d78b85d90b2e16b1e4708b118dfc4891f838ecc7a1,0,0,0,0,1,0,0,0,1,0
ad338c6ac602cccb89c533cd9efc2a7069a8b8a50b33a4c6ed44320eaae80019,1,1,1,1,1,1,1,0,1,0
2c8f438da357516c980060bb361fed11317508d3e613182e72bd32939e24ef87,1,0,0,1,1,0,1,-1,0,0
7d7679942343396eff6e177b1c7216678df52773507d232575c3ff1267b431c6,0,0,0,1,0,1,0,1,1,1
f83815d94cedddbc81d7c2ea3cd156701b025b735c686dd0e6b3329d772ff190,1,1,0,0,1,0,0,0,1,0
ac593bc90bd84f62c0aa332de17f1a56237859dca50b814ab8aa6c1d04d7e944,1,1,1,1,1,1,1,1,1,0
b2870c9b0d1976a9b5d37d88bb70dc34964e8b5df386377eab715a5bf7bfeedd,0,1,1,1,1,1,1,1,1,0
ab84bc3c9ffca392e59876bacf772853287a0752978d63c1239f7532916f535d,0,0,0,1,1,1,1,-1,1,0
8c8a05961c7f70fb468bd2dfc1e74e2e98024ed138ef418f341201a6c1324c79,1,0,0,0,1,0,1,0,1,0
16f6d8f406d824d15fb86ca1c60f4f93ed88bf4c801c4a1c9d45e2291d1c1b13,0,0,0,1,0,1,1,0,0,1
49825f95cb42455c28ea7c9ab77042fbe663fb1590a89c4c25c3813a05b80f9a,1,0,0,1,1,1,1,1,1,0
394dab9c4f50082938bdb4fe966ed81e6044e5aef1f2c4786a01a2da4cee0fb6,0,0,0,1,1,1,0,1,1,0
6d84ec1ded36af357b3f066465d529b7625f90c954ca40a9dd72bb04fd5ff79c,1,0,0,1,1,0,1,-1,1,0
3e585c762a4ed031db65decbbd823f618117c14143cca0a769ddce1300932a1d,0,0,0,0,1,1,0,-1,0,0
4298422627d0954d839766e0f8d10db06ef0bd8217b18a9d2e8264960457266d,1,1,1,0,1,0,1,1,1,0
1acd088b7fe67dcbb046182f1b72cc15ee8c86b035ab0c8ac5390021897379bf,1,1,1,1,1,1,1,0,0,0
7b7629a475c86426d97627a12743e0a1a282d468153b923bb6956c6da21f8d1f,1,1,1,1,0,1,1,1,1,0
ef4e2274ea3125111828ec7a570a20446b40a7bf8ef1683f2999562fa074c099,0,0,0,1,0,1,1,0,1,0
17abd2ea535ac575a4569ebe8e620207fb051f3fc6bff8d8bdb60bd95a23adcd,0,1,0,0,1,1,1,1,1,0
d9bfbc92e27b510d07690df677c9ee9c7b4b5d9552b12d426d7f2230e3c7cbbd,1,1,1,0,0,0,1,1,1,1
0f0e59f9ab797562db9473be4181ff0af5bf8bfa7e5509660db750b22f925059,0,1,0,1,0,1,0,0,0,0
9d1ba10bd8d80074924bf4defa8244086dd317f355f8f551198dcc3d226f6ecf,0,1,1,1,1,1,1,1,0,0
0b8ab01bd6ac233103a29371944adaebbef99ab1e7dfd8fae030c0170a9926a7,1,1,1,1,0,0,1,0,1,0
a32d6a4075cfc5f5408a46c35fcebed4ddea57e327b575268cf14ed17e6e2930,1,1,1,1,1,0,1,1,0,0
6a727688785d9d64c11379668de769dea907f610f85f33b586acfda14b90bcbb,1,1,1,1,0,1,0,1,1,0
612c1c8b76e4ef7dc159fff863fc69fba51af7995b70a6f2f1f9b514f424c357,1,1,1,1,1,0,1,1,1,0
5d16d9ac09a721ca15bf77326e8889c98399ee571fba07715360e19aec465835,1,1,1,1,1,0,1,0,1,1
cd2a28d7c69d152efd60438c21bd53b9ea1585dc8ab2d4caf8e7eb4fb4405352,1,1,1,1,1,0,1,0,0,0
735b8d5e62ca393a4d5d5ccc8354618be07dc7a302402f3f355b893ef15e8362,1,0,1,1,0,0,1,1,1,0
acbb2b1e1a62b98952cc2c18c345b896e62366f5644207ee3a12bbf02e27e0ae,0,0,0,0,0,1,0,1,1,0
c3ba40ba9664d574cc6661b1ee8f648aad6d8a448aa5b6447298d08dc075b5af,1,0,1,1,1,0,1,1,1,0
bc1be6bc298b8ac42864bec3015534b0e6ebf8d469262920bf4caebd50a0d0d6,1,1,0,0,0,1,1,0,1,0
7e63ff58bda13a16c1e7d1934dae75cb98612dc15fa12298e7b6257cbcffe220,0,1,0,0,0,0,1,0,1,0
816387818760778cb6ce100eca48159c2918b06bd7496ac21558d2ad6a31e815,1,1,0,1,0,0,1,0,0,0
906d6f83783dcf5949187d1f4c9080cf4c3dd96fa5bcf93d40673b2a030865b5,1,0,1,1,1,1,1,-1,1,0
e2c2fa3aeaae28d7e7b65e1673cc480650148025afb97dc1c3583ca8cc8b01cf,0,0,0,1,0,0,0,1,1,0
9c7e23a331712e4e808712ae81990145fcce0200763aa16c949c8f8440a262d8,0,0,0,1,0,1,0,0,0,0
84a2b39a25e598256f47494963c56fb5215f6d100ff9ca7c7f581f501b26a42d,0,0,0,0,1,1,1,0,1,0
c0c73abb665869931a333ddba212da1c42de7f200a1245d90864e91ebc038714,0,0,1,1,0,1,0,1,0,1
085ef10fa13767f58cc2dae9892e7780cea55a348df8eeee96cf54422b4e4ab5,0,0,0,0,0,0,1,0,1,1
f323883ac8581f5f9f111db9759fbfd5848c9de31505c31309ab3ffd3977e112,0,1,0,1,0,1,0,1,0,0
8493e01f8415d5debe7d09d655d83a96eca2cf05dbd9337479b9390fc78e5851,1,1,1,1,1,0,0,0,0,0
8ef54842fd66f382671849fc90d5f0be004a89d6c95f0ff9137de1f16e38d7e6,0,0,1,1,1,1,1,1,1,0
2502cb889360bca6ad66318e403cc390e0cda387b8886cab073059bca4471377,1,0,0,1,1,1,1,1,0,0
fdadc27297297085a201c8dc2a6b01bf9c322cfdef83033f2af1134089411168,0,0,0,1,0,1,0,1,0,0
89fa3b8b5cd3b693df0924771c1c7322b604c9c4464c37db9f257809f4d1afb2,1,0,0,1,1,1,1,1,1,0
76362bbe3f7ff6e3a5174815883a5071bd11808ebacea3366ca323d1dcce6e09,0,0,1,1,0,1,1,1,0,0
bca3a79f3605b49c47b42ff67a7e7bc6b654332bd43544284c2f8bd044b3e70d,1,0,0,0,0,0,1,1,1,1
82d8e269ef09da121f2d1cb925c771f006c318aa22535e849ef76fcb6337ab97,0,1,1,1,1,1,1,1,0,0
af4245c28c7f517760eff1b7369d1d7aec7f343569bd7cd657f8bb2014d24b90,0,1,0,1,1,0,0,1,0,0
619059c35e5929a23c72e67c2c15d8a2d246b1b6d4597182db9f6cc4add7b469,0,0,0,0,0,1,0,-1,1,1
95cac5dde22fd60c66e7d4b5481ecfb680da2598a717df58640a147a1d796c8e,0,0,0,0,0,1,1,1,0,0
6eb3ef9cdcd9834ea4e2417e87a7d59ecc53c957a37b025ad9b0a4c77d8de7f7,1,1,1,1,1,1,1,0,0,0
b8c75a6d081e81547c7133377acd72734e25cf65f1edd1535276746ffcbdbdd3,1,1,1,1,0,1,0,0,1,0
0e065dd9dac3221651355feb828e656c47cb55a7abd9fc96e8d7942a9fc20e76,1,1,1,1,1,1,0,-1,1,0
235b84a1e38e7d2f2baeff5eb311e07a47181091ea3e5eed6e77e5d5089c92a8,0,1,0,1,0,1,1,-1,0,0
e27705d2dcb7bd73122adf14eeeca29cdb19a349bfa1a913ea303cf499ac89d9,0,0,0,1,1,1,0,1,1,1
1dd44c85ae0b1faacdfa89e07ef5b69b52ca1f55a3a4fc0126a566d804494d86,0,0,0,0,1,1,1,1,1,1
cc26b9a6ab1e86c23c05b31910919a43bd773e077432904fccca738c0d20afbe,0,1,0,1,1,0,1,-1,0,0
5c5e0019c0fc0841b31c54cb3bba39ab2a6a1f2ec298eeea9308c22c43589adc,1,0,0,1,0,1,0,1,1,0
861c3de6d5ca4cc815cac698dcaf7bbaf641d0f26f26281ccbd790fcecba9c9d,1,1,0,1,0,1,1,1,1,0
d9debf94d9161f039c0073e3794381977681c3011502c7e65c94f8d86556f8a5,1,0,0,0,1,0,0,0,1,1
2f9322ea31405450c4c3a57046fd4d9dfd74c9e4ea60c60dab06c7fdfae34bf3,0,0,0,0,0,1,1,0,1,0
b39ae5b4bc5f15ef3c697558d5bcc17127a4347f3e12309aafb7469339442af1,0,1,1,1,0,0,0,0,1,0
ff9a6e1b91f35e598da9b9e2d5c8c7a2c39b1648d0de3c31248e1409f142085b,0,1,1,1,0,1,0,-1,1,1
20a28442ade628f179fce4b3c08b078f10138cf95e0d1fb73a52500d51d9847e,1,0,0,0,0,1,0,0,0,1
87346733f85b9e9aa1c628a544468874ccfd322d7b8f7ae9f6ce2dc5b2326e1b,1,0,0,0,1,0,1,1,1,0
90b0c8eb120dc754e29f617279d9fb87a2779ee4a366558ed68cbfa1822586b0,1,0,0,1,1,0,1,-1,1,0
dfaaf1178d7f14294a7dbeb2632938bff2dedfd871a16cb6b5a303c40b385c39,1,0,0,1,1,1,0,1,0,0
489521a657fe40482eab4fd3f413b5f2baa4d5acb079f8aa6d59335d65b1d86e,0,0,1,1,0,1,1,1,0,1
6e5cdacc0bec0132fd97fbb401fb183fe351ba8413309fee0986bc17545510dc,1,0,0,0,1,0,1,1,1,0
3c78fc4d30a9fb4efbf479cb13cd0e6d0d548e7737efc1ffabaa846be5411927,1,0,1,0,0,0,1,-1,0,0
1c167b1be1cf5f41639527e2cd444cd18b54bdffa7c7ee61bdf27f8edd1080e5,0,0,0,0,0,1,0,1,1,0
b1745b3453fde4dd0396e750e3a40f41461cdb2829edf5eefd2d18f7ef03fae5,0,0,0,1,0,1,0,-1,1,1
a442cfa98eab486c8e16bb95e917d2910c2bca5e7fcbbd06f0f620b6683456f8,1,1,1,1,1,0,0,1,0,0
f7c0b7aebd1913c7ec032af4cd42a6bb5ace1cd6a4c00722bd494e35f3a0c7fe,1,0,0,1,0,0,0,1,1,0
627557b2ac77389d60f0b5c2de0fa9a43b4b29dc5948bcd829653bf71ab74106,1,0,0,0,1,0,1,0,1,0
5e03edf879ffb74367eaf0e52f75520d99d0f5a72b1dd6f4a25b5fcf8b76ce71,1,1,1,1,1,0,1,1,1,0
b8730fb56ad9c6de2f3c19569a169518275e475d736ee2e6db26643c16816344,1,0,0,0,0,0,1,0,0,0
07b57998c02ecee6441b9195fb6425577a22a7c5b8627a278a5f62389e3f57c1,1,0,0,0,1,1,0,-1,1,0
7a2e6fd1fce9bfdb7096481a07f9c65b8626606d21b8c149953e708ed8a329e7,1,0,1,1,0,0,0,0,0,1
ce3325328b0be7d74874903d2f859aa35f0d5db11f6075ef83be414ff9beeaf5,1,1,0,0,1,1,0,-1,0,0
72e762319c45d20d5055e31183ecc91bc0ad01ed02528e1e6bc63072c4b45ad6,0,1,0,1,0,0,0,1,0,0
9006a4d96d275cc44b693fece6ec7a3da760dd77ffea9de385aa44cf596d3edf,0,1,0,0,1,0,0,0,1,0
7ef98efb0d90e9514350a01636e53a995a50d209fd774ebc55b2b689fdc67230,1,0,1,1,1,0,0,-1,1,0
0b8b6b766d6e66933723ed0ea2c94f357d20cadc586e59e0f15582cbfee94fa1,0,0,0,0,1,0,0,0,1,1
b79ba4d4a0a7e3e556f679fb640581635767092d6230f935d6c91593a3f69542,1,0,0,1,1,0,1,0,1,0
c0ef5ed6c884ca9bea37f8da5995e07822c9b90302946fbf114a2ad7971683f6,0,0,0,1,0,1,1,1,0,1
da3a361da767c40c67aa761d1d57f8c08abcb52d215a74f89216d9cbaedb57a2,0,0,0,0,0,0,0,1,0,0
a9036c496f8ba342514a6d6f0b7a63eba06f735fbbdc671662642e026ac7de21,1,0,0,1,0,0,1,1,1,0
63630c1cffbff4bc2121e0708d77e18ace7046eea0555c2d6f557668965d469e,1,1,0,1,0,1,1,1,1,0
07b0fb80ae0db228e6aad8f5b7cc39c83c4186f9c1c13e38937b9c186b14512e,0,0,1,1,1,1,0,-1,1,0
293699c3864e877a7525f369d26eed3acd3dc72ff3dc5da7bd865b0ba77a0b17,1,1,0,0,0,1,1,1,0,0
9a18c655f076afcaae799793efb9a0c5ec2b264c28e83631f5f41a4115453d83,1,0,0,1,1,0,1,0,1,1
b4cc7cdd5aed399bbbb567facd3d039e473d19e85d9b5bd7ab9cdb113cfd17c8,1,0,1,1,1,0,1,-1,1,0
62960216d4e780600c183cd2803f0757a8292c3b73162deaed602449a8b42ac4,0,0,0,0,0,1,0,1,1,1
f35cddd46ced021df0f4b103397cf1f66e44a5caa89f72910f7971d5c270117c,0,0,0,1,0,1,1,0,1,1
c8bcc33c5fc998a8c732bf30a2342b55a48508c578b9cba637be8162facce7f2,1,0,0,0,0,1,0,0,1,0
2fd2650c9f2780229ed567e9d5a463c3f22ef355e0476fd107ed3998c719dc35,1,1,1,1,1,1,1,0,1,0
64d80568c82db9d355a5bfad0c159afbafffe78225f950046bbca74f3a849d1e,1,0,0,1,1,1,1,-1,1,1
138d2b6a42eb242f2af73846cf3681b2ab09cb238941e68c505e308db7e2c1ec,0,1,1,1,0,1,0,1,0,0
f0afe32d6969694bdff8dda1f7f7273fe26ef71aa15349edcf6695eb9f1a4489,1,1,1,1,0,0,0,0,0,0
d77bc3e914b5144e7974f2a2daab2453aa10f6da7db7b261c2b0f9a19617f57a,1,1,1,1,0,0,1,0,0,0
22732ba97c2cdcae599cee936a8ba58c40ddf9264fa3f3659ca79e5b5f32dd14,0,1,1,1,1,1,1,1,0,0
e09561efcbe0308adbb423d35784cd58307962fb7131138e001f811c2e8a9b8a,0,1,1,1,0,1,0,1,0,1
b8f9b6c1722bdb9970a3a1754a8d4732460daab5a308e889f2e1d1baf7f0100a,1,0,0,0,0,1,0,1,1,0
d02d094ac4bf83edc36686126288ec788903199f771ca088ea3758ef81c01285,0,1,0,1,0,0,0,1,1,0
7e5cc192923b72a019f52458163740bf80364ffc245c82f8e3122a47a2132220,0,1,0,0,0,1,1,0,1,1
7fd589a6ca8ec770526260e3f36259b4c4c576d291cba27768c7dd39c0bac137,1,1,1,1,1,0,0,1,0,0
f33aa5b70946e81dbd745d47140e08d96460b6f336adaf94cdad5b8a4f720deb,1,1,1,1,0,0,1,1,1,0
833cf4d26da473ebbd527737fdc7160b8c009d7a2aff2a65169e8194c94e1d06,0,1,1,1,1,0,0,0,0,0
c45d0c3949bf9cc9b1462de0dbebe5fbc87136a27491ab157e741e45f3dfc24d,1,1,1,1,0,0,0,0,0,0
f20606966a9ef561b492321788991057bc6517b07ae04f4d0aa1f2222346b397,1,1,1,1,1,1,1,1,1,0
cc91c7669b57a48e8bb3bd625ea6e1bdd586b6e9605ebf76dedb55ab1db05b48,1,0,1,1,0,0,0,0,1,1
2a49cd13c7f750ea57eaddaccd0ad2fe9fd8e1fb5c46d0bff292dcbecf03db61,1,1,0,1,1,0,1,0,1,0
a1ec4cba3d1fc0c337f1d92e3ecd6fe9d8bed27b064e0898724b734d5661d7f2,1,1,1,1,1,0,1,0,1,0
7ac8a0d25bf1198c64391d3f422d446c9053aed356932a4f4d35df492bef9c0b,1,1,1,1,1,0,1,0,1,0
ed042036a0a1cae76c54224d731df3022cb53f1066f24c64a71eda7639db029f,1,0,0,1,1,0,1,0,1,0
e130574e1aa0ce67376f99256f6c01dbbbd4549e6c3d45856ae3e3d061c8381a,1,1,1,1,1,0,1,1,1,0
8dcd3d7025fc06a686c866b1ab9c32472d6a107b2926205eb8d0f9200aee52bc,1,0,0,0,1,0,1,1,0,0
fe50bf8111362fba8e6a8de92ad44174a69f17fba8e8e557ceed2cb858c56e99,0,0,0,1,0,1,0,-1,1,0
043a6e501cd0af759e77ed1d4e11faf100097d36170715b816d5bf5ddc04418a,1,0,0,1,0,1,0,1,1,0
4075178b4a00e87f459f1a39f1f53ab98fd75dc813c2e873fb69074d8da0907c,1,1,1,1,1,1,1,0,0,0
28985ed36080b064e3e7c4fe278ac39f234a70b7f777ce481d6ee1bedf93a14e,1,0,1,0,1,0,1,0,1,0
22d3d1541040a2eae1b810d07f3a90a983d2e80a9986f3878e1858d604f59f17,1,0,1,1,1,0,0,0,0,0
28ae3417c214183b369c9751219b5fff9d2bb53d0bff64707833bc2734e7e08a,0,0,0,0,0,0,1,1,1,1
8b7db56bda83978969ef6aaff58967fd76b7f52d6083bd5945d7d91e5740ff1f,0,1,0,0,0,1,1,0,1,1
c566341690c4c3411ca82dc9fcb68410f8c9c7f3939c3ef8e8677ef3af3c7fe2,1,1,1,1,0,0,1,1,1,0
4009ce4a4099fa241aa4467ea243a9a4268b9325a01edbc89106338c89d1cefb,0,1,0,0,1,1,0,-1,1,0
7439e411e919b56fbf5468a2e16b644165177d4ae5ed0be45cb44d61e911e860,1,1,0,1,1,0,0,-1,0,0
e998fc0ebcc942756780db0d3695b8460b7263f44731389563bcf285b6f6e015,0,1,0,0,1,1,0,0,0,0
3178e7c7c5ef35885c8b82d8885c45c276313fce8264d165b96d02b009ebac25,1,1,1,1,0,1,0,0,1,0
d1495ae9904494bffb384d12d92e0e558a19b48718a1808568b5201c43d944e1,0,0,0,0,0,1,0,0,1,0
715ed58f16266a9c2b471e48e3116f729b123a10f62e32e2d212076d36cd7b2f,0,0,0,1,0,1,1,1,1,0
5a4028be0a9b6f94860c2fa12060526f89c74a83f5a1915cb1c7d56379da3d6f,1,1,1,1,1,0,0,0,1,0
7486be2fe31ea309839c3395d8e8dc74389c205b3d9906391e62a7aa86067ba0,1,1,1,1,1,1,0,-1,1,0
c9d1974957667367098ce3c4207e95a0774fadb636ed295ff4f908e7aeafb806,0,0,0,1,0,1,0,0,1,1
06dd18634a9f517801f302db8f9cc4e3a5bfd0f454fc061e64af3ab871a33dcf,0,1,1,1,0,1,1,1,1,0
4162c520c7b941b6738f2983ed4876a7b57b0631670228f5175bde6521c6137f,0,1,1,1,1,1,1,0,1,0
493836f2496f3c4974defe1a7862898040f3d00c1825c774e8cf35272423fb2e,1,1,1,1,1,0,1,1,1,0
313184a8abddc25b9e211e0490b431c38a7ccd7a1035ee0c50bf08142e9e4380,0,1,1,1,0,1,0,0,1,1
39cec1f6a8661c6af583efb0e161b90d00b7f0f0bdf63cf9347d92520e7a5d15,0,1,1,1,0,1,0,1,0,0
8172f78ece8cc1fd47465bf8409603ed89e5e28fa03ed36bad76630f20a3b786,0,1,1,1,0,1,0,0,0,0
2726d8d60373352a69ce5ed104630bf3eb1af06bdef61a68ff31596a95bb8454,0,1,1,1,1,1,0,0,1,0
aca11247bc29dcc20f6af39e888339d29a0ddb3413bb16083affb70148e3fbf7,0,1,1,1,0,1,1,0,1,0
a1a1e29a337515a9ea18f26df4f22fe6ed11157356aa7e7d6555e59085fd37d5,0,1,1,1,0,1,1,-1,0,0
322772d69d592293518c284a10b373642dae9de0649ba3204b7421e34200c562,1,1,1,1,1,0,1,0,1,0
835035d784599ec183f616bf6e2271a4d5f7c22b81d5b385aed93573b1e17406,0,1,1,1,0,1,1,-1,0,1
518f8224bb1bcebbd39fa1b560f0940386a40f42754114d8054521d6c9fe4c0a,1,0,0,0,1,1,0,0,1,0
5d7937647afb125be9a5519b2df78075a76a6546679659c600d8b93badb5bbc6,1,1,1,1,1,0,0,0,0,0
0251f3bb011f3658ed81191e680ec92bfda027d1251f8dcf37d83755ec683c76,1,0,0,1,1,0,1,1,1,0
df56d253a3aacdeace5d0af2a05c6cea150167833ecbd45fb67d16427b555336,0,0,1,1,0,1,1,1,1,0
9671ce86693d1bf5572e1e651fd6353174bdb484da562a119c6e9c0f861e0db7,0,0,0,0,0,1,0,0,1,1
a8dd4699cfee96322a2ea493de9b0f5ea8ebf55fdc6f5ffada30d193f23932e0,0,0,0,1,0,1,0,0,1,0
14e235b13c94f87f8300856cf30a301f90775dfd15032adaf063cfbe0da80383,0,0,0,0,0,0,0,0,1,1
e344df552d9d766ba1e9c0c04b53e9afb521e3e8f52de93b20ba02a7e918482c,0,1,1,1,0,1,0,-1,1,0
bc395b4bd40bfbed738bd57785357524d7f14bfab35bc99cd37c3baab8d2a808,0,1,1,1,1,0,0,0,0,0
937c71666208f81a41e382ede0248e270b5af04adbc3019d81305c3c84251cfc,0,1,0,0,0,1,0,0,0,0
66b9b6966ae6f5bfa149f0c2f907a83611ed4d6ff15476f59c5c15ef60a424c1,1,0,0,0,1,0,0,1,1,0
1562bca18ec4d6df65408a9c6a5098f8189ac7eaabc7c4057abf1909cb5e6fea,1,1,1,1,1,1,1,1,1,0
57a318ac2c0a7de8f9e705d9c4b95502ef00b7fdd6adde183df0beab283dfd5a,1,1,0,0,1,0,1,1,1,0
a1ae2bddf607e17a97fc62f63821ec1c57af12f95a5a7e5311d7ef5437ca01b8,1,0,0,1,1,0,1,-1,1,0
c51e7231d0080c07debc246dc11aa893755872c4d9658d065124b83dbb886684,0,0,0,1,0,1,0,1,1,0
6c06b84f6a33e34fc70b3480997808388b62673a76daa51957b9576b59e76011,0,0,0,1,1,1,0,1,1,0
4e949c6ed325d08d5e4a592f84a853f8d3f7e79cfeebb3b0b9325b86b9441bf2,0,0,0,0,0,1,0,1,0,0
d6d5c86d6dfbdb07354874d66d42d41c7091ffbde7c15f85e67ca9b870a4ba62,0,0,0,0,0,1,0,1,1,1
4f0a0fc48a8c61e576637b21da5d6f248e2c58229abbcde007232081b0eed5d9,0,0,1,0,0,1,1,-1,1,0
55e10a48700c4f3e826b463db2d4607e4fb98062e80e7f9828319a045a35fc89,0,0,0,1,0,1,0,1,0,0
f1ac9a385fea5842c9fd1b161d0b280512f7699da69f0dc5326cdbdb7695e4a9,1,1,1,0,0,0,1,1,0,0
5f2c78c02c5f9c1aeb34f4fea6778ad8e1e015bd829f0f50aa4799bf1e6116cd,0,0,0,0,0,1,0,-1,1,0
b00e184898627bd6899cc2cd4001b2bb5fcbe84fcdc4fcf24ccafa3fb9ebc597,1,0,0,0,1,0,0,0,1,0
d045eacb1688fa1d22efb09391134eb3c3197cbcc053040434497a655f210791,0,1,0,1,0,1,1,0,1,1
258b6a119ecc5dc53a00256d78930bfe9cdaff9854958226e25397840c50857f,0,1,0,1,0,0,1,1,1,0
9dbf0b875a38a17f1c436a0fbf2425a971afefe206674565f50bc7a6e3e64b72,1,1,1,1,1,0,1,1,1,0
9c10c4a93c92b671c57dcf7b982cd736f05e1935a4d8a2c62361d31b07c55155,0,0,0,0,0,1,0,-1,1,0
27ebe5b988e66d1466ca3c1add81faf78b806c7b3be95d17d3f424f85d6c3d3f,1,0,1,1,1,0,1,-1,1,0
5a3a9f447e04be34be568cb85f738cce07a4e64e6d432ddb9722cb2751b79916,0,1,1,1,0,1,1,0,1,0
70e22e683571e0425b902b34ef0e59a484dc7f703d238119a6553412dbc85983,1,0,1,1,0,1,1,0,1,0
ad5c2d894b1ff9966bc9bf60d6aea64ec36598fceafc51435f2d3e404a703706,1,1,0,0,0,0,0,-1,1,0
c6508f453884558c35fc2819f8f2f8526b87d51e029bbec8ae8cb0113d25acbf,0,1,0,0,0,1,0,0,0,0
abce4b778983398dc76bd29a130392bd037930893f0515bc11c8ba935eb2df7a,0,1,1,0,0,1,1,0,0,0
85fafa3a63d6eca2512f8ad5503f36168f7cec6db893a01b2916294f3ed75986,0,0,0,0,1,1,0,1,1,0
fc51a2dab7959c5aac5f0af22e59d5f87f0ef64d0159d157a9f7150dfca882c9,0,1,0,1,0,1,1,1,1,0
84c8818e66cd2a8b58fd4789d672c4b620aaea3a76dc8d2f0c8e38cf870324aa,1,0,1,0,1,0,1,1,1,0
ea75f63239257cf0e4bfceeadd38d7bb3f6145f42f93402312f4870f53ec981d,1,0,1,1,1,0,1,0,1,0
175d087a9278ab59d0d597348319aeb018aa23c4de3c2d1cc88652e964e22d43,0,0,0,1,0,1,0,1,0,1
c948c0452558dda6f3b8c1406519cda9c1331d6f0e2f1c96ffa712b663b05ad6,0,1,1,1,0,1,1,1,0,0
314d1f3e6c2f1da87bc25a2db15ada7d964113eee403615ae81bfe564c2088e7,0,1,1,1,0,1,0,1,1,0
3e30f8f7ca625e061c6cf821593f18cae76158e818b30cf39cf164e27e3eb265,0,0,0,1,0,1,1,0,1,0
66fc16e35af4946eee863f50c989c116845db349d4b5b7de805941d0dc1595ed,1,1,0,1,1,0,0,0,0,0
a02c0a6d62bb5197eb375a6e5eccd6a301e8db8744452fb5612f537adacbe5ee,1,1,0,1,0,0,0,1,1,0
ca86987120ee060e6b72f0a9ca3c0ac5a9a32f2d3908137cfc59efffd867d428,1,1,1,1,0,0,0,1,1,0
a505f4dfb54a54a2b00b1e931faac7f5708363c29bbbed949f2b93050f796fc8,1,0,0,0,0,1,1,0,1,0
f0bebc65beac8a9ba73d8adf7972acb672599faa7f920f9fd259c291169a81f8,0,0,0,1,1,1,1,0,1,0
d692b2224c8ae001cd478eaaaae8912b6d8d96c793cd868db839ce06971acf54,1,0,1,0,1,0,1,0,0,0
40852ca5b6c77ed0acb8ba051eb23009bf6898825779e54eaee5b25a06a72e62,0,0,0,1,0,1,1,1,0,1
163d23e5fb3b50df977b1ab6e7a0ae63472d24639682ffc7224e819652b88c23,0,1,0,0,0,1,0,0,1,0
c2410c78a67bca01a2c43bb3ab8c83285526ede7ada2cdc76339b534f9b991a1,1,0,0,1,1,0,0,0,0,0
42b0df8011fda12c764a1d7b237aa477348a1f6c0dde60ae6119355065d2afdf,0,0,0,1,0,1,0,0,1,0
7b49a5712580e56d1c6e72eaf79e33785a3a2247fc09157169f158c5ba7b051d,0,1,0,1,0,1,0,-1,1,0
3ea5743f4915b41883d5f5113513bb14566ba377b0f25f437c2e02b233c01413,0,0,0,1,0,1,0,0,0,0
51f0a3b5a751c7c8e814e873c5c66708a1428fdc3d45e5eac36ac71a2e551f14,0,1,1,1,0,1,1,1,0,0
439f5051588b24ba176612e270d8551c806a69485a851e9d30fc9db3ae95f35f,0,0,1,1,0,1,0,0,1,1
420a763bd1282ef8b2443841aa2b4551160856776d0a96ea55d7729abb720872,1,0,0,0,0,0,0,-1,1,1
56e4c91e4d2519907791ac8cb411c6e954a5177e82fa633e6e6c61676f519064,1,1,1,1,1,0,0,0,1,0
1fe2cd608ea262499e07c2a6e0878aebedbeafebc9d881f01c5e0f6e7f70f674,0,0,0,1,1,1,0,-1,1,0
1144dc4a2c84631c2dcefacacd492f469bf95d26b06b5167571f615386592202,0,0,0,0,0,1,0,1,1,0
d25df0ebbd419f0853f6c6da0b58541eb0c47b1d5eb2aa8088a1f2690d859d94,0,1,0,0,0,1,0,1,0,0
a4347471d36aab1d6513ba5dbe442ccf217d0bee50b7c26532d0e9ad7b6c3eb7,1,0,0,1,1,1,1,-1,1,0
9957805320a144f547684f5a9f393eb1b04009ea178e42474486cfd0c9d3abb7,0,1,1,0,1,1,1,1,0,0
71a5ada6d8b5bc14ff2e0e7d0109609e785c0200245a07c0fb348c989464c91b,1,0,0,0,0,0,1,0,1,0
75fc56a6b3525c86343e9b474aca6b2558566223e590b2c8e4561e391594a8e0,1,1,1,1,1,0,1,0,1,0
306571b0d7fb42617bf571f7f9f9d7724a6836a40a2ef40c9502ba669ad0bbf1,1,1,1,1,0,1,1,1,1,0
940a5a36338509340519dba16258631d225e75663e35ff37c9cd247b7b9ca3f0,1,0,1,1,1,0,0,0,1,0
e064b9b000774c5590ac80f8d44ce105043a4efc42d76d492373feb27acfdaf3,1,1,0,0,0,1,0,-1,1,0
274b1b0b771b35908a18aca525faeae9db698d87b33a1a614cabe50b19c82d06,1,0,0,1,1,0,1,1,0,0
600f8f61bc0e505f64e396d4e3dbd60fa61be9609969ca4e7127abb35f484d25,1,1,1,1,1,0,1,0,1,0
815e4ed3419e65a79d4d7a4029653c807f65395434ddb3ec79e41324104713f6,1,0,0,0,1,0,1,0,1,0
430259117d28e6ffbcc4570b440f0fbfb5f4c3a87e4b65a860c3cd2b9dbcf845,0,1,1,1,1,1,1,0,1,0
802d3a6d1e4188a2486b85f08a5f2d962cd6ef7eac3a7fd8153efcf961b5f138,1,1,1,1,0,1,0,-1,1,0
eeaaf5334bfedfc33d3a1e035be030e982afd45c19f1c103fdfa155382a6a0db,1,0,0,0,1,0,0,-1,1,0
e7270aab634ca61fb8a16d6a87dc4613bc17bc892b886c11826481cb7c9a191a,1,1,1,1,1,1,1,1,1,0
23c2c23060b85b1d8099b70b31949b7cc4e9a32b121c452feb66150c715ed0b5,0,1,0,1,1,1,0,1,0,0
1effbd53734c8b0fef374d03c834c470d040396dcff3c62dea85b559a814f012,0,0,0,1,0,1,0,1,1,0
96bde29ff73d545f6e584fb4be42d666ec6a047a31aa52a918ea5ed0a69ba9fd,0,0,0,1,0,1,0,0,1,0
1f79535c79f8d2366fdbd5b3538942890ac8cc93a014a08c227117c2996cb568,1,0,1,1,0,0,1,0,1,0
32a8ce294d2ecaee88317d211dc6cdb23877545c278b8265acdba474e2bb6eb0,1,1,1,0,0,0,1,-1,0,1
74854b848cb6f2375e4395d52b485fbb9b70512bc7af5ffb3ae8ab0623593393,1,1,1,1,1,0,0,0,1,0
33d0ed270a70c0d0de5ec2c6cb98db1f3905a7a5e61ab4f150620bc9e02f05f4,1,1,1,1,1,0,0,1,0,0
f86657a9ddd66d79aa6910c162e8a5b20383208d76077d204685e2e70f888be0,1,1,1,1,0,0,1,1,1,1
fdc502b9a5ced095b354643b0b6d325fbaf5d46908c2f56937034956e99f6436,1,0,0,0,1,0,1,0,1,1
9a971a74423dfa83105b0f8d4292f968e92050b60d943facb2715876b107a47f,1,1,1,1,0,0,1,0,1,0
b62accedfee44e4bc73e65e108b22877f3d00949e47c53ba5f05f9f6d7a9b09f,1,1,1,1,0,0,0,-1,0,0
60f86274e58724997bff9283529b209131f90d757b29f47d00d6f88b506bd92e,1,0,0,1,0,0,1,0,1,1
017db8170bdd97ba0fbe58f50fc2d2e1382db2d368cd6614f41768482d63c1af,0,1,1,1,0,1,1,1,1,0
488009b7bc818fa912bd7deac7fa2793c390f5ef02cb4a9209b81a588cd19e00,1,0,1,1,1,1,0,-1,0,0
8f8b55264773c1bad2b93361f2e09f6374e22ee158c3fe973d8bb76fae83d7d0,0,1,0,1,1,1,1,0,1,0
1b2760a875224dfe9de56300765f8fae999b1f9e8bcc4355cafd5ae4ad71086b,0,1,1,1,0,1,1,1,1,1
898059168e359ff2b23a859f408cebbffddb3c592dd692f52eff17bbb32e2088,0,0,0,1,0,1,0,-1,1,0
2e42b4a806b99210b36ad8c5c1275eb58068cef003df5ce0e6f167526d8be7e9,1,1,0,1,1,0,0,1,1,0
554a2b9cdd920cb6ac37fa0c42e7fac65a34e91023c1622a282045fed8a974e4,0,1,0,1,0,1,1,1,0,0
14fc9a385d4ff41167237b52fe5aca689e8f9470cdd41c83143888e3c5336988,0,1,0,0,0,1,1,0,1,1
e0d0c8deeadc00f087ad07079a59fd8fc02f1ab944bad34e8f5bd5cd2ec32df6,1,0,1,0,0,0,1,-1,1,0
e194b36bcf7a63574c3ebf655c499283c25cad7d540c82f044ffa22404a51090,0,0,0,0,0,0,0,0,1,0
a006db7682e1956918a880d0dbcfe18d94f4a6586f3689a2a1b7bc9a5026e6ef,1,1,1,1,0,0,0,0,1,0
aaa85810bee7e46d8000ab165840c7a537608ee98f6e2f299d40d87109ebf2b5,0,0,0,1,0,1,0,0,1,0
e57e5ce6ba2f6507ce68addf6dbf127190889bf202680894f37f121336efed4c,1,1,0,0,1,0,0,0,1,0
b464cead15702c686f8c31642c50850cca2ec6e702ec80378e9459096e14bd69,0,1,1,0,0,1,1,1,1,0
caad0b59b95b352c2aab5cc6cbcca04b3c9a70b0d4130ed710b957acb6f5751a,1,0,1,1,1,0,1,1,1,0
b559ccdee7b8c189e5ed69b6eb796d66b2e071a1192c0c7a8f5682ec064de06a,0,0,0,0,1,1,0,0,0,1
2f4dace797568fe98cd63652e116862b03cd57fcb00c846a4f2250d405571827,0,0,0,1,0,0,1,1,1,0
08b291d547353e81caabd285ea28a99de5af188d3a1b012b6a61625bbb7d433d,0,0,1,1,1,1,1,1,1,0
0aee85b5fee044e0df618ed73d1e7abafcb5de21cc4347a5f9a5af72a0e090e9,1,0,0,1,0,0,1,1,1,0
c80e82e5c2aee95c90feaaf60c6d6fbeea1af1b19e307eeb0b8271c079d7f2d4,0,1,1,1,1,1,1,0,0,0
6d54b49e4724bfd6839c5021be31e967c3ebf5bf7b60800a4a3c2b7886dd0b07,0,0,1,1,1,1,0,1,1,0
09d6d4a75a516276b1380d4d8b97ae813d668458edc884943a848fd0ab535421,1,0,1,1,0,0,1,0,1,0
8c61cda5d05018083532e741b3a4d19d098dd65db7717d7cb9ff70fc4d7ea090,1,0,0,1,0,0,0,-1,1,0
fbb63594d810c678d4de1aa092bc095377cb193879ef7b4032527b088560ffe1,0,1,1,1,0,1,0,0,0,0
9fbee99a0ffbcb9689215e66b6c407194d1da75abb81ccc51b0def6d0a268a73,1,0,0,1,0,0,1,0,1,0
556a5a115f60de79f23b2192c32fa47291d021c1d5e49edf89614fc51bc57cd3,0,0,0,1,0,1,1,1,1,0
b821936e7d071c36ce1dcb1b06ed4556edc1bd1a9395c28747ee66be2186a487,1,1,1,1,1,0,1,1,1,0
47cfdfae75078279914fba45485d26f7722e00984cae21821c5598712a204a03,1,1,1,0,1,1,1,1,0,0
bc96a6397618d6ab5b2d8c3b1b6915923a90d0651177b20b8dabcfb0cd52621e,1,0,1,1,0,1,0,0,1,1
bd4c991359443be6d43803432981d972bbc66dac7e276315445026e5c7b0075f,1,1,1,1,1,0,1,0,1,0
6a91614d521ac7f73c81d241cbbfdb85fbb4a04aa7e92bcbb7bf4d6796c895cf,1,1,1,1,1,1,1,0,1,0
35dbd03984ac797f5315261ed52e3ab41ef7f1c04fcc97b772a01da6b314a3d7,0,0,0,1,0,0,0,1,0,0
4d48943f9ada066a7fe04fa2fa6c97f45f08b6dde2a30c58f0c845f4af69a804,1,0,0,1,0,1,0,0,1,0
ccefd1fa8302c847744796abd0209f911cd29cca8c2e75e689cfae0957157424,0,0,0,1,0,1,1,0,1,0
903aec848d79206a8c6d35ae63c9c1ea1faad2859435389bf21d848dc94b37a1,0,0,0,1,1,0,1,0,0,0
2c2f55a2964f0f600c816bbda3af90fc5a405684f85a9de303e007619fdcd98d,1,0,0,1,0,0,0,0,1,0
23e4a15c0afcfc9e0628fa73bb87bfd9cdbb080a9b0fc2f3a475c82e95a961cc,0,0,0,1,0,1,1,0,1,0
0516ed44b05ee010f635773f73aacd1d2781f276b2b7280dc51c81caa95ff5a0,0,0,0,1,0,1,1,0,1,0
5103787a6dcbc5f3e435590beba01e2a587ae3b4336e2d918ce8a73170b8d847,1,0,1,1,1,0,1,1,0,0
735d5a21387b515df33de8e49c0b70f0c7308dedf5648bb18cc4f0ae238b2866,1,1,1,1,1,0,1,1,1,0
a97463ce5ad2165355a69fa658c2acc153250ba85d9c85681265b24507b97502,0,0,0,1,1,1,0,1,0,1
5be1a3429dbff7352bb56c7f815f7e8e64c8576984aea38951edadb2871542f4,1,0,1,1,0,0,1,0,1,1
be3faa38350de2396d6459d8d168bcd2b39c392da73cbc793ab9745566103260,1,0,1,1,1,0,1,0,1,0
db9ecff676e3bdfcea71fac949324b0c6b16f8051fa5c50a0696d622c43ca112,0,1,0,1,1,0,0,0,1,0
717722f39d3b6fa9f3a577380cb21e8e644fe8375691db4b9d43d7bc31e01a0b,0,0,0,1,1,0,1,1,0,0
9d9fe1601a74f37e03e8d4c19ecb81fe570559254ade6d90052d497306db2e41,1,0,1,1,0,1,0,1,1,1
599ac1d636f6a6a93654adc452e38b6f925e566a382b404074eee91941d393d8,0,0,1,1,0,1,0,1,1,0
bf91cec28e2c49497be1c1894c5fc94fb8706d5e49507ef39b9e56a6ac9444e9,1,1,1,1,1,1,1,1,1,0
20367ec72f5f75f75ff966e4aea8431311adde192a1496d14f7274c371602a54,1,1,1,1,1,0,1,0,1,0
21361af6306b0a302f75d59efe863a92b02e37ea40090a084420ed24485ab4e9,1,0,1,1,0,1,1,0,1,1
60be4ad92fe803ffc16a69ca2050b8233b71ac9a1eb4516ce3d1bd0ea0b71248,0,1,0,1,0,1,1,0,1,0
7530287c3729f6706fe11ab0a7ab5860db905cff40f27f05911d45b1a2f8275a,0,0,0,0,0,1,0,1,1,0
bbba8ed46d30a86c554e17a5d01354804d8eb282b0f78a3ed782d6fd56dd8fb7,0,1,1,1,1,1,1,1,0,0
d95e373700d7a3f658b71afa8b59e44d141b3af6adf51d5ff7cfd1f4401112f3,1,0,0,0,0,1,1,1,1,0
aed81f32c988dc2d70702b7d02b9fa5058a49d6d252814187c79144947a71e20,1,0,1,1,1,1,1,-1,1,0
edc4d333e8a1d7673bde6d23ebf9e7eae441634b1a2a32c2ad35a3c4908918a0,0,1,0,1,1,0,1,0,0,0
93765f335c753bcdf165e90b991a1277bd51d625d04a26406506cf9a8ad35e8f,1,0,0,1,1,0,1,-1,1,0
e892b2437b0e59b5830f9a32ed4b0d70ff68c090347d02e4a5ada33da6080fb8,0,0,0,0,0,1,0,0,1,0
cb83dead74540d8716120a7ba73c734bdd95a587ff6a7f4951cd0922e11845e0,1,0,1,1,1,0,1,-1,1,0
bcda470ebe87c5798d20102ea9f402cf50396d5678d49dd9a2cdb11a6011da40,1,1,0,1,1,0,1,1,1,0
586703aef0bbe3bd1732f18554d4cd8f9d17300e383e323f679aa572809ab1b4,0,1,0,1,0,1,0,-1,0,1
a949ce3cfd5e2d547000a3e7f666b5ed5d47c0e7db0b0ae4da5faf107392b2fb,1,0,0,1,1,0,1,1,1,0
a852760bc0f838ae517b2fc409b8526c166ca533dc06adc45c2b740828f6a20f,0,0,0,1,0,1,0,0,0,0
8c4c7fd95cfa9f6a8ff814541f573cd929e06dbf6c0e89f33544842370ed5225,0,0,1,1,0,1,0,0,1,0
2439edfbfc260adbdb04f7b320c8aec0f04433b02769422130b8f934609e366f,1,0,1,1,1,0,1,1,0,0
531aca5988527fed5450acf89926bce206175ffb179523b2bbe8039447a0e3da,1,1,1,1,0,0,1,0,1,0
5569c98bdcbca4202bfd65d135b077457207b9ddad493f38080ff13ee94ea408,0,1,0,1,0,1,0,0,0,0
f1ad6c1a106bc21470bf77ff71481837db2e796d57a528e0ac553cec46bb926b,0,1,0,0,1,1,1,1,0,1
5b022ee8afb0948a9506627e88a26c145e86704c54b1bbb7d46bda1634b4fd97,1,0,1,1,1,0,0,0,0,0
c338daf188283f763e3af481af9adbb5d71919d2f18fcd999c116cd15213ff06,1,0,0,0,1,0,1,0,1,0
38b6131e9b98bbebb13fadccfec2a44214adfb100df5090fa06bbda2730d497d,1,1,1,1,1,0,1,1,1,0
90e0ec148c4ef398b93d4866c1c0bc9fd8cdcd6a268d9cb138eb8b6b99b33c7d,0,1,0,1,0,1,1,1,0,0
9f0458cd211e8de1d5f012762c8f9b28d8b36641c05fc29a8996f49344d823b0,1,0,0,0,0,1,0,0,1,0
9976f4332b0ea7a13023eb7e141854ca1e4f4669fc29636cf672e8c4f018455d,0,0,0,0,0,1,1,0,0,0
347e7119c42fcac2e5f7326c6121b8ef49ba9a5d608b25d2e54b48cd35f99a37,1,0,1,1,1,1,1,0,0,0
cb4de6616b5d2634b43a5f93d062e951584c5ac2c1591639c6159c897ddc16fb,1,0,1,1,1,1,1,0,0,0
62f6ed86a7dac806995d06f9da9a036426ee7c68901bb90ada1bef62b6a3c415,1,0,0,1,1,0,0,0,1,0
23c8aa22069eb9d6e9155040c95952942810790a58a4e860e32d43f33615abe9,1,0,0,1,0,0,1,1,0,0
7a6366f074cd256480a02faa74c1649d3b7aa52bf3d1af0c5e768e2274d9628f,1,0,0,1,1,0,0,-1,1,0
59209bf59cb9aae54a784e4779f03897b21fa2d286e67833df0f6e1874a6ac20,0,1,0,1,0,1,1,0,1,0
6e5a7d43c5a11598d168de7277400c256dd89ddde9fd55ce5068cda18df25bb4,0,0,0,1,0,1,1,0,1,1
38640cef16b60d098ce1b48e742c609dce36ab2d2b039bf915926c1d5f9554eb,1,0,1,1,0,0,0,0,1,0
8d44e307e1a906f41c017f4a3aa5fea859f6ec53fe4ea75d568d47ef9d1d8e96,0,1,0,0,0,1,1,0,1,1
7737d959f42ceb85897f1822b7d7220ea17362e4e3f6fccf14deaf238cd350c8,1,1,0,1,1,0,1,1,1,0
ae7dd2a74d177c3a62ca5a2721ab14236dfe0ebb3928f35e3847aadb68a4978c,0,1,1,1,1,1,1,1,1,0
07855f5069b902c37131d09733536e2639bd0bff8a6908a469ed4d9c9f3a90cb,0,1,1,1,0,1,1,0,0,0
6242d2e216cbae302d6b2e9ef0f91ee7cf8fb95da18856e4ffa2e2f455d3e953,0,0,0,1,0,1,1,0,1,0
3019961ea8c4d92c0862deced38f6f24914ce3ea2582810af132403b2d0f65a0,1,0,0,1,0,1,0,1,0,0
3d12ccd090c40f76459164f5b8c00a7a19aa37fe8761079cde5ded90596c5e00,0,0,0,1,1,0,0,1,1,1
055cad054cef495345d60fad66a3aeb97e9cf410883d864f2e594b287710876a,1,0,0,0,0,0,0,0,0,1
e57d9cb28b07b946ec280b590247b4fd226e44e9e1133671a6b83834be40fe24,0,0,0,1,0,1,0,1,0,0
346bd6d214cd3ef8a47d3f68385822bf3ed3a4dad39acc13fd7149a79272b394,0,1,0,0,0,1,0,-1,0,0
63700a9ad86c1277025e3c0e71206e3d5cfe63312c6f85c61746f1cb8084655e,0,0,0,1,1,1,0,0,1,0
98d6f6eee0a4edc3ca2153b8b64f0fd93ec6db9ff05357325d179a6f07637c6c,1,1,0,0,1,0,0,0,0,0
6a21e662c35a564ee20d8d49c97d1aeab1600852eab322e8f17c214f3575478b,0,1,1,1,1,1,1,1,1,0
2f80dcb61608bdd8ac8be12f81bba7729c1c4514b33510dbcf4333bbc71dbafa,0,1,0,1,0,1,0,1,0,0
8952469f7de166e6061ed7c127301de0686ef5035a78f02bf23e7ddd3c5a8313,1,0,0,0,1,0,1,0,0,0
7be3dc91879e843a98903c89116c55398179b33d04d67d58fe0d129a253ac078,0,0,0,0,0,1,0,0,1,0
57544365c314987c7742c87b374d2dfa4b246803ab9ab23476363550afc79833,1,0,0,1,1,1,0,1,1,0
854154a3ee7bc270352afa4d0db75c227ec8113fdd73f651f7be66b896151184,1,1,0,1,0,0,1,0,1,0
4e8525c9653cbc85537055e2ef97ec5907ba6cd7ac554c64df718b15e6339c55,0,0,0,0,0,0,1,0,1,0
b758b33aeb283e615602539f1f62cf98d0c7dd0bc2d144da9741e2781ca5bb64,1,0,0,1,1,1,1,0,1,0
126d366df1afd9786b43ac18571af2117969e0d85933ed1439c629fa0578e115,1,0,0,0,1,0,1,0,1,0
fa9b005f23148a9345a51060add1465686628722de88a001e768176acb04d21d,0,0,1,0,1,1,1,1,0,0
f2fb097bbd81c5c5605e41b33e9bd2ae964158addc144bedada7cc91f8301372,1,1,1,1,0,1,1,1,1,0
4b9c30cfa637e34c57c79f589188624153c0b25cc6f327114852821af7c61746,1,0,0,1,0,0,1,1,1,0
596b325f6d484bfe7b8844583b65e52eab948f88aec4c306292415ba9eadafeb,1,1,0,0,0,1,1,1,1,0
e51f152e70bce3aa08520812bf46c061d00349111c46531b83dd0a629ca4a994,1,1,1,0,0,0,1,0,0,0
43cc56ed87c54e28ab0a49624aa75db7b9ff565288583acabd09f30001907138,1,1,1,1,1,0,0,0,1,0
345e9d57ba033d3a68dc8c9888e51b005be96680dce3f4e29c754db6e08a07b2,1,0,0,0,1,0,1,1,1,1
d283be580bb53ab0fc67fc19d882fd173d2ad7a41af43b179cbe3da5bdad5fce,0,0,0,0,0,1,1,-1,0,0
a82442174fda85148238dc885512a245c462d4f511f389791f51f3f42dc4e8a5,0,1,1,1,1,1,1,1,0,0
f6c3ffe9695f5b604d8f747c0ec6bc9ea7e8c05e59cd9cc20ebe0f5858d11d33,1,1,1,1,1,1,1,1,1,0
4167541cf9f1216f896660bbb1ed4adfed7f679ff15b78b5fee9b05ac08abbda,1,1,1,1,1,0,0,0,1,0
61c46550250ff695efb286606f8c13bd98bd656348b1a96985a96174f3e55ab5,1,0,0,0,1,0,1,0,1,0
0292490bd49a53bbc53f4dbbe755dc2824b0ba4c9477e0e2f28cdeabe19984a5,1,0,0,1,0,0,0,1,1,0
d2fdc4221c7e3573e829f16c18b3b9423e759a35b57fde0e60ee199e5dbb7d23,1,0,1,1,1,0,1,1,1,0
afae5b912040479c6519feec35ca77d761b7f5b1f9c0a60b4178915ce8218387,1,1,1,0,0,0,1,1,1,0
60c12e757e0535178d39249d31cd6fb60efedb5a13ad43b2b291b415f9bafa37,1,0,1,1,1,0,1,0,1,0
c81deae26590699fe3ff65467c8fab0c951c30d0b1ec87840c1afdbab35b2e7b,1,0,0,1,1,0,0,1,1,0
5923cd370df730cde94cdba0bf7a1b1434e27a55aa974f8925643d84b3485f3b,0,1,1,1,0,1,1,0,1,0
5ec927154eb10ea52e6557e394a26a9ec12f1718c0abb3af68651219f8b4f379,0,1,0,0,0,1,0,1,1,0
6cbbfa3e2745154904d74d67bad2066622d576f5ebf8ad6934b51b3c61bace23,0,0,0,1,1,1,1,1,1,0
5888dfa6eff2a600a62ed9815858c0327d0b3f4efeca6c38e0971e691549229e,0,0,1,1,0,1,1,1,1,0
0e5cec778ab804b644f9ed7ee50ae4f88fb16ace5736c92d08be8889f3f94e9c,1,0,1,1,1,0,1,0,1,0
4209dbc380705ea58ff1da7a0c5c889b1fb9b489ce9781ebbec83f92bb50205b,0,0,0,1,1,1,0,1,1,1
8e47fa9cf3d79e110a111f0e0cf8c7eac28bfe7bccaa3d925594ccfeb361a3e7,1,0,1,1,1,0,0,0,1,0
9692974602f9756adbe263125b310f3d2480e8627c0ac829a30ba0c3c8f634a4,1,0,1,1,1,0,0,-1,1,0
c5fe6e7f3c58222b1dcb1d14892a27b1713ee54e592ecb1b76433649e4611213,0,1,0,1,0,1,0,0,0,0
d477e062d37c44c6243608367a9554f15133754f457a9cbbf4f751247c0807ca,0,0,1,1,0,1,0,0,0,1
53f799fdf66f518a143ca11427416b408c4a0e4a82d341775c67e98df83740d1,0,0,0,1,1,1,0,0,1,1
8c2f530a1d89075662d73441b6a53f47bf912f57ae437f57a76cdcc1dc55da93,1,0,1,1,1,0,0,0,0,0
08a81d09a12f46df4ed9bc4483d427b6f69a8fd728b5cc20708054ba89e7fe07,1,1,1,1,0,1,1,0,0,1
a6b21608ed39ebffcf11aa2a23cf025896b8020dc50b82541778d41b89fd2548,0,0,0,1,0,1,1,1,1,0
56f700e55ad86358ee4fbb985dc6f945f01c3e39662cc15976cea9684294721f,1,1,1,1,0,0,1,1,1,1
d0dc11d05899ffb965092725e665ce49d67671cf40f1e79ad37f149fb5585de1,1,1,1,1,0,0,0,0,1,0
51d89791ebcab19eb886bf3715539ba738c3540ce9dc59efcf8339c001f13268,0,0,0,0,0,1,0,1,0,1
2f722b4bfd29126b20ed84778d73f59dfcc215ea3b0c9db855baa080668605d0,0,0,1,1,1,0,0,0,0,0
6b4d08e66745421405b98adbbe11f6a648dc5b75af4644cf674ead002ab1324c,0,1,0,0,1,0,0,1,1,0
c39d05fac5d04b1b68fbadbd86ce26642451167320ce92cf2262de707030865e,0,1,1,1,1,1,1,0,0,0
ff5aa377376682e4decdba583fc9408a2c91bc95190675ce5b5b200dce590ac8,1,0,0,1,1,0,1,1,1,0
829c8d7731dc857427d116054b3e63514f7692a40d93fb2cc8c3294b405ea093,1,0,1,1,0,0,0,1,1,0
f77add9fb267e7b14cfbc372c9d0ec6f96f1583880b8bd78b41a170b5627878d,0,0,0,1,1,0,0,-1,1,0
da110540eb5b4f85fd520bf0e1f32f1abf09a62f6a2e1f3452b9daf30adc42d3,1,0,1,1,0,0,0,0,1,0
5b2f306e18da5ea57c3887476b43b00614a1bea64de62f4150b425871fb4510c,1,0,0,1,1,0,1,0,0,0
5de2108799ac13aeef075159a732d74cebcb707dcfea93a7b118fd91404739bf,1,1,1,1,1,1,1,0,0,0
1a148fcd0d9b3e38920a252cffdba77b29c36a5184d20097f43d02dc5234e922,0,1,1,1,0,1,0,-1,0,1
e8c82e764a550f7ac59d9fe160545c3c001a884197582d563d508fa614042464,0,1,1,1,1,1,1,0,1,0
5639565af4a5fb0219f2324a433ecfa234cae37a78b928672c6dda2fac0c3d97,0,0,1,1,0,1,0,0,1,1
27fd5f4c6c393c66dd91fd02a6035bce64e923979b27bb3d4a77b534b7d8edfd,0,0,1,1,1,1,1,1,0,0
b0a7b3529c8221aeaa639c81f23409f33ad2b9dba709f8f3628483851896bdd7,0,1,1,1,1,1,1,1,1,0
6a8ce0d1fc814e2eff88dd7fe30475d285bcddd154914bffb15d0e0de8439601,0,1,1,1,0,1,1,-1,0,0
4f004349659b28089c00857976f5d8dbe009c7f51445c4f0ab172dfe9c003ab0,0,0,0,0,0,1,1,1,0,1
eef1329305ea4c7281b1bed1ca8c198d99c16cc156b16e2c6a71ec2d06eca86f,1,0,1,1,0,0,0,-1,1,0
153daf4bd42fbdd20dabe41a363d12ff6872cf5d6f3430f1ae179fe188fbe505,1,1,0,0,0,1,0,0,1,0
a3edeb3710e616808e2e8b1d713ede9dd6b1f27e4b3376e1cccc66f7a52baed2,0,0,0,0,0,1,0,-1,0,0
76cedfb291b4632122d3fb7076e6c7203c5937f23f6a6fcbe12c02ec505718d1,0,0,0,1,0,1,1,1,1,0
dca90e4df8784f50420a6b9fea1c2da274d07ecea272418491fb391f7143c6bb,1,0,0,1,1,0,0,0,1,0
c4548b87bd78bcce9abdd3de38567c7170cc76a3a5047a94c82c67438e1b1fae,1,1,0,1,0,0,0,-1,1,0
caad877e00a1d40252ad24d5c1475dba974500ace50faaa8b862b485e552825e,1,0,1,1,1,0,0,1,1,0
1993cd3aee20fd4d2b84f25453eebd31e729c355c6b8aab401abe4167fd3c665,1,1,0,0,1,1,1,0,1,0
43cda26b33537cbbe5da7a54f614dff55052e28223a150c098a7f0d2834557be,0,0,0,1,1,1,0,0,1,0
f5ebcd98c683bd5c4b79c700c1573e81a2599f993e4332d1136538799ab11c8d,1,0,0,1,1,0,1,1,1,0
2453ff2555ac97e9ee93a46685b6895e9de1b1d12dd49688287bd14ebe1cdb03,1,0,0,1,1,0,1,-1,1,0
aa8dbeddca5e995d158734a40440ba672a387ba712dc5d25d9bec1a70d140627,1,1,0,0,0,0,1,1,0,0
473bca027dc6baeec6d6beda54f6fce5768ff2a3313af6e109d54ce5945894ba,0,1,0,0,0,1,1,0,1,0
c04186986c752cebace19146fda46569e1c356d5bb5b865727d95cd270e5674b,1,1,1,1,0,1,1,1,1,1
ea197907d7738d5c6c0650de5e134d7ab811af0596f0b6780dba595fdca6c0ac,0,0,0,1,0,1,0,1,0,0
6a33582b10f4be5bf78181ec923d71e79150f81c89440698dd5f8a9f7e57552b,1,0,0,0,0,0,0,0,0,1
d1689897679049bfc0c4320b341842177322ca6a736da6e4ccee51887c21c288,0,0,0,0,1,0,1,1,1,0
cdf8eb73a3d353a179cb6bbe87c6e99da438ee059bafe45193e55b3922e5a627,0,0,0,1,0,1,0,0,1,0
b9cd17596012d1af7f4463b73a63d5f8989dd96881499ae2e30bf578dd472bb1,0,1,0,1,0,1,0,0,1,0
0568e604129de710ceb9f41299a4aa15d07026c22d7d82ac2b331e0caaa9e53d,0,0,1,1,0,1,1,1,1,0
ddef432026c578d02acc45b8871404130c883e454cb55e4c8768f202a72331b5,1,0,0,1,1,0,1,-1,1,0
9bb69dd06555a34120fcac27c5eb01a7c7adeea810e319bfc3011d11c6cc32c5,1,0,0,0,1,0,0,1,1,0
5b365788c22ded551b2ae592b7fbaf50cee570efe64dd9fe86d5642a853e2709,0,0,0,0,0,0,0,-1,0,0
f6bbf76c818c5bfbb8597bfdd0438dd4cedc49b6b20eaf690bd35bb0f962f2b5,0,0,0,1,0,1,0,0,0,0
6e391c9fb496bd178d84f0fdad747321c791d87042fab747529814c04dd43317,1,1,0,0,1,0,1,1,0,0
88f19da591a2c7ccc20967bc7419287063afdb23c07accb44aa514ea6e3f86f8,0,0,0,1,0,1,1,0,0,0
f6b6769d24b7f05910fe687ee9c3226cf563b986044a09e0178b7a49a9fb726c,1,1,0,0,0,1,0,0,1,0
eb4d10f307a944fab15b7efc2e24a83115ac44fa3483d665e5f31e5ee99d5d57,0,1,0,1,0,1,0,0,1,0
069c6f437e3236ab3227a9909267a193952ddf635d3334bad916d8b9a7b9ad8e,0,0,0,1,1,1,0,1,1,0
2da5fcb6389a4a5c394cab454af16d23d8898a3f39b237b33ae416a507d7f449,0,0,0,1,0,1,0,0,1,0
ce192a17361f75e53b0ffcd13ae326e5a575bdb125dd2e13c4bdedf8a1d8cf44,1,1,0,1,1,0,0,-1,1,0
31d428fd7d09b1e56896fbf19ef6ccae71d823ee8db430d9e55e777db7e74c70,1,1,0,1,1,0,0,-1,1,0
3768aead07cdbe0e08f9ada9943a8fac72e860a45fb5b9df9c786681a86bca6f,1,0,0,1,1,0,1,0,1,0
e9d776625c292c17d66d70ec24e2379a3c83816756eb15ebbe7941bbff14fd42,1,0,0,0,0,0,1,-1,1,0
236419eb199ce39452ad504b5610955ad3aab749e0661e3c631fe34de217be46,1,0,0,0,1,0,1,1,1,0
cc3b5207bda2f7a4555dbe045b154848e7eba7d6d4ecc708c13c0c888803e1a8,1,0,0,1,1,0,1,-1,1,0
b51fc7eb11473c7364e97daef39c041665f980a17fe94ea986518f1b6afb5146,1,0,1,1,1,0,0,1,1,0
ca4cc639f322721368597af2ab01de995d3f57f587bdd3b563950b2a53a53cb5,0,0,0,1,0,1,0,0,1,0
533d8f905af0c20aaa6c836ec22ecf28a620b8b7e99af7817b2b1381037fe11c,0,0,0,1,0,1,0,-1,1,0
6e956c97718fffd735a3030943f5bf3c66f22dac8f26b4d422bc694caa52d515,1,1,0,0,1,0,0,1,1,0
f668f101067b6d7cc139433fa324aed8468e1d91d1a8565d973749e576bf33bc,1,0,0,0,0,0,0,0,1,0
48641882d179a7e76bf1e51a7818e634d235273427b4638139c67b0eed650b50,1,1,1,1,1,0,0,-1,0,0
e5df89ea9cbe71b2abfacaab75c73ac27384a376bbc2e41dc94be082acb008f5,1,1,1,1,1,0,0,0,0,0
b7883cc4c828ba3daee7cb808b2937fab79f650fd5f049564de74249f5a648bc,0,1,1,1,0,1,1,1,1,0
dd72fd247cf617c595e538ba7b50e9f06ee56f1f317dda7da8dd95e4ae30c2cd,0,0,0,0,0,1,0,0,1,0
1372573d62b811bf0e9cb7991edd1e8731fc40c185ed5b0647595e310ab19934,1,0,0,1,1,1,1,0,1,0
04cda5f240ca69c5474a5fed4b09027bd9312c132ecee5783b1d0079444dc311,0,1,1,1,0,1,0,0,0,0
0a65e9d2a6b345b60fd1b1845513bd14b659b30f249da85af5dfc2844fd2ee87,0,1,1,1,0,1,0,1,0,1
1534b95518829eb0c63e44908bffdee09f33e19c9c76259dd45281070ee9380f,0,1,1,1,0,1,1,0,1,1
1607eca4331f0db18a4ea3777ed7e327cf0068de4f84ce5370010f5cb9b46955,1,1,1,1,0,1,0,0,0,1
917b3e1b202369c9cf922803c20276c7b6a47a319259a1f9597bc08d0c00c6d0,0,1,1,1,0,1,1,1,1,0
139aa9c8ab61d4705578a03aa0b61d4b9ab1b5512009eeeb13c3a96d37898492,1,1,1,1,1,0,0,0,1,0
40aeb8328037fcbeff916844ffec456fd3cb4f3fc272812084b2a4867febca31,0,1,1,1,0,1,0,1,1,0
778fe144bbf18be1d6e63c4eaa5f66be8ab3959874d01aada1db3e0fc596beb4,0,0,0,0,0,1,0,1,0,0
5ed6929867a2cbd169f708e07d201c105315f3518b5a7a946999ac0e264f7fb1,0,0,0,1,1,1,1,0,0,0
02118d3218ff3d20f04d75fa5fc88de0f929f42697dcbcc6821b947404f4a156,0,1,0,1,0,1,0,0,1,0
080a4c2752156c514995332d5014aa2c5387767c0fcef71de06f8e8422218c44,0,0,0,1,0,1,0,0,1,0
1ffb6915a0a80e0437c239a7b03ff59e3a68a37c54b555d11c59682aaf71a0e1,1,0,0,0,1,0,0,0,0,0
9e4759926634c8e5c5e93f8b213f6149fcd3ebc822aad3e88456eb41f31dd710,1,1,1,1,0,0,1,0,0,0
1e95ac40b6275b3bb729a177640652191d8e029c0ab9d0bbdb121f90612daf54,0,0,0,0,0,1,0,0,1,1
8c03216ca8f923be1113a4aa99972cb3d1f1e157ad49952868e7bf8e6f4feb12,1,0,1,1,1,0,1,0,1,1
7540b10fa003bb0d0af4598bd5038d7c49f2a149db16a59a693e86c13a73d044,1,0,0,0,0,1,1,0,1,0
6049cd62c7e58a38787c8421e949250d48445881a3c7b5376e4725cafdef2229,0,1,1,1,0,1,1,0,1,0
09ed99854f1b6e1c3af9f3bbbda5cbdb07fc8f37081cf205a5abe0593969bbc9,0,0,0,0,0,1,0,0,1,0
01c282fc91913e2ff5314d50b7b1e3497443ace2bc203c0bb3f9f5ef49cf3c10,1,1,1,1,1,0,1,-1,1,0
cee1ba8292b2b0cbfaa0cb053920b958bc0ef4419cf1cf101f92d3c9bd99ff45,1,0,1,1,0,1,1,0,1,0
21c8b4255a695dab1520282a0c124639db8f8db617ced1de4bf9bd58e93f4770,0,0,0,1,0,1,0,1,1,0
4424e3a4ada3cdd7d5ce0c729aacbf8eb608a2e5cbae0adc42a32305b71e3195,1,1,1,1,1,0,0,0,0,0
1912c0cdca41ab2502aed9d7b64bd9428c0f6e8ad5f336ce520ed541e58bdf44,1,1,1,1,1,0,0,0,1,0
d6eaaebe10e9f7251b08950223e8e46fecc55905fbd3cbc832aa2683591bc66e,1,1,1,1,0,0,1,1,0,0
524778af8933ac2a6426293443a6d4cda6b75c7d8ccbac5fbe30c48ed5d9a7ca,1,0,0,1,1,0,1,1,1,0
d64cf95caf37ace1934e4dfcbf1260a31b7c9ab7784c0277cf58f3b8e236834b,1,1,0,0,1,0,1,0,1,0
a3c7cd47de56c6a13afed97dde1e95d6b92209340d2bb272407399fae244ed89,1,1,1,1,1,0,1,0,1,0
e269e6e5ff61b0acf38ef1ff2b098579339bb9fe26f0e07ae1ad4129fe3d5a7e,0,1,1,1,0,1,1,1,1,0
3e7c4827f85dddf03575efcb8352d8b8ae6906b4819f336adb1b0198e263fdc0,0,0,0,1,0,1,0,1,1,1
f2957531d5ed8c93a392e374a88b6ded3c6be592a1d6b2b0f0d3757939de9260,1,1,1,1,0,0,1,0,1,0
30df79ef9399add09b3abf530e98ba09b4c0e380b36cf9a1de24983c8a0d2f2e,0,0,0,1,0,1,0,1,1,0
fbe24d17378bac7e9cc74f5cccf12ef6ed63cbdcff57ca191cbae30b27c0f1b3,0,0,0,1,0,1,0,1,1,1
fc028061daab423445808223a0e3e3196cbf8d1659fb55ed45d7d7a02045a949,1,1,1,1,0,0,0,0,1,0
da72dfd9ee10a763dff43d65abcf1cdbd7d4e8cb64dbffbe190db2eacd4fee1d,0,1,1,1,0,1,0,1,1,1
6f27ad927c92024b809fdf71b70bacc5a37008a9dbfd62307e3707d284d76288,1,1,1,1,1,1,1,1,0,0
edfb3c29cae6c1b66841afaebc67db44113806ee7040c8d6552374c960a390e0,0,1,1,1,0,1,1,0,0,1
574135fd1bac8a4c41ecca3d2e227a9344b4fd9843a3f4c1493e0b3a482f1d25,0,0,1,1,0,1,1,0,0,1
bf69b864e3b5d8a03bdcedfe03cd892c0586a5ae347d9329b302817cf1d1edf3,0,1,1,1,0,1,0,1,0,1
24f857f940653d83658e27a4ea901852d5fcfc55ed6a74790c56cb06fdfd75ff,1,1,1,1,1,0,0,0,0,0
bd2382ea4265778596a3c211ba4e8b0bce5bdb9fea358d7010123dab19badc50,0,1,1,1,1,0,1,0,1,0
249904167f135a05ca5ee9a83676c1909c2b476eb6c9d0ca0312fa4981c27552,0,1,1,1,0,1,0,1,1,0
d9c23570830caf026c0d2e0ec3dc0fd28db0b2281f7f3d2b2cfe55acf7dbeab8,1,0,1,1,1,0,1,1,1,0
7779d5b03a86a5df0ae1f8f1c4045b0a4d011cd2c25d30e204d656e44b586953,0,1,0,1,0,1,0,0,1,0
cb9d19e93526197a316d04a8301139b76b9ac603f40a6e340d9ae62d8ade1705,0,1,1,1,1,1,1,1,0,0
a4bd965960e1e1242ed9e23d2c355521c19f3c6a77a8bc6f72aeaebcf03ce61d,1,1,1,1,1,0,1,0,0,0
8041632f829aac3dec10c1ef6b19514fef3b7f7f7dc6aa8a2358229f48980586,0,1,1,1,0,1,0,0,0,0
fa379d96ee106a9a890e7caadb7de68a3605ae3c22b58e9393f300b3fcfd67e1,1,0,1,1,1,0,0,0,1,0
0e7637f863ab1f9efdf8579340ee25e8bf73f71e91e0caa046b8d1d5b597ea45,1,1,1,1,1,0,1,1,0,0
a620cd0ff7eb4db245955f591723e51fa6984d0f4d56384d2f077338a10e62fa,1,0,1,0,0,0,1,-1,1,0
82fbc9a866f86e51c62e85475c6c7e9dc6431e2ec7d6361e365ceac5a04f4adb,0,0,0,1,1,0,0,1,0,0
254ed7bf0e1326591f8ed53370525f1d13d80cbf9b7b31e547fa6b33e401eca3,1,0,1,1,1,1,1,0,1,0
b95314cb9ed9cd30724189173732d5fa61d3636ca13c31eb04f1a05bcf778a58,0,0,0,0,0,1,0,-1,1,0
6fc7a1444ef955a7faf0e1072808fd48a7270719f64a53146c3ae8e52a9f4a47,0,0,0,0,1,1,1,-1,0,0
d2620bfe0edb6bd9753cfde26a58953a5b0de75671545e7e3a81f5cece84fc54,0,1,1,1,0,1,1,1,0,0
95c6e30ade40f53f7d8cd2f79a2a11c8590b70a411883fdbb72bd7e9f7f2c8ce,0,1,1,1,0,1,1,1,1,0
7e0969c580320401cb35f10a6b00fe323efe02718f64805e7099eafc3393b75e,0,1,0,1,1,0,0,0,0,0
0946411aa6629a6b41386b51f81ae1ea0a2da7aa55403e1deb1108966b514339,0,0,0,0,0,0,0,0,1,0
b8672e21684ea64c17dfe42559e6e049db8f50c462422fb85406406491bc49cf,0,0,0,0,0,1,0,0,0,0
d990362bf28dfd6fef2b670fd013e840e524fedd06797c037faf9ca4fc6c4a10,1,0,0,0,1,0,1,-1,1,0
d9bde3e6a31b20caad296eab5f951d67a11a47c3091be91e9000fea0135ac8b9,0,0,0,0,0,1,0,-1,0,0
7466223d8033ab9254dd035dc21f41d0315be040972acb51084c9757f0de349e,1,0,1,1,1,0,0,0,0,0
93369e627131c431e4df8e9355cafd0e0393aaa1dba0433def659fcea1e7a8d5,0,0,0,0,0,1,0,0,1,0
3e1d20cfa12bd75063b7bbce60e1f5241bb9e251e16cdf0c57cd3a9a8f4bf525,1,0,0,0,1,0,0,1,1,0
dcc8880c5e2bbbd4f6c8cd8e25e4ebfe1e95addaef96648bcabfe532f9074c72,1,1,1,1,1,0,0,0,0,0
96e41675b3d348d888abf828d6e250e12e79b0acb2894884f3dab6862ddc977c,0,1,1,1,0,1,1,0,0,1
1d1bdf3208f590eb6d3618786fa92ab1465b51311dd38b016429175bdd3c64eb,0,1,0,0,0,1,0,0,0,0
9c27109a12dc8bad06255551665305ef44681c90e3bef0379afcfc7b5cd9bea6,0,0,0,0,1,1,0,1,1,1
b719cb966a5ca48098d91e29d0df87f3389ef42d4191d88ec66a11f291fcd0f2,0,1,0,0,0,1,1,0,0,0
5f292b723836a1ead977dc61e7145ef5890342f2869f2d74d42f53a45bef6222,1,1,1,1,0,1,1,1,1,0
5c828e1c65edc58ccc7c2a2906f505919054e97ccc016fb72473b4339b50c8c1,1,2,1,1,1,0,0,0,1,0
50f458bdc95061a4655c9541956078287c0e0d3becd712ef8e9770168adad97c,0,1,0,1,1,1,1,0,1,0
eb3b0c758c7645e8e1e0406d94d10ab61ba33bd81a0b4a8a5634f05ec58dc3d3,0,1,1,1,1,1,0,0,0,0
9be8ed333b9726ebbc13abf2318a36c6d844854e52392215cef69b189c3c4d39,1,1,1,1,0,0,1,1,0,0
0b5c223649759d24a7d9568c36e87833509cd054ddc1ce9a6829e333b3c696a2,1,1,1,1,1,0,1,0,1,0
3a8ae93d217bcf6a3bea4dce23a5112f3ce39bb2118ac9429842d3880b10425c,0,1,1,1,1,0,1,1,1,0
cee29acba2b86179551d244f43a2e4052a01e667a3a456c125d588ef73135b25,0,1,0,1,0,1,0,0,0,0
a5d460e65d390bd5b827b67b2a51deceda677d149d637d3cb112cb6718d81d16,1,1,1,1,1,0,1,0,1,0
6bc0ab95b89c6d88d32384616adae684a592b92fcf2bd5d000229520396a436d,1,1,1,1,0,1,0,-1,1,0
886de88d89c39764c2e8ee3ae45471db3ead0150de882dceb3b033845ffe1fd0,1,1,1,1,1,0,0,0,1,0
fe9b15faf467f6bdcb730d953a636daa7ce6ee3c50bbc607ed42fff068a2af7b,0,1,0,0,0,1,0,-1,1,0
bd1ef3eecb5ce70958f2ae880019b82f787fcd015c37af2715d54ecba6c9746b,1,0,0,1,1,0,1,1,1,0
c5f0102714155b4353a6efe8748f67f08a01f592412c57a92b31fbe337072e8d,0,0,0,1,1,0,0,1,1,0
3917fb0ca4ffb996867b7f7b2315173da50f6ae6d0bc4d69aadc962608b05bbc,1,0,0,1,0,0,1,0,0,0
cba04e468d7891323b0d8bdd8c0b7c8097207f0ec6aa7b32e93543b53a2bbf5b,1,0,0,1,0,1,0,1,1,0
d4b11c7a9ba21bf1047404c083780e96251a57e4c709905ff8989cdd564ae452,1,0,0,1,1,0,1,-1,1,0
6683446bb64f7ed5640c0fae095c11be2639d70b74ac16964f772f7a21697edc,0,1,1,1,1,1,1,0,1,0
129689de72eb40096f63b482be8bc80420db05ba25b6eebed088b5833b8201f8,1,1,1,1,1,0,0,0,0,0
99c1fab9368f6da1e59af16ffe40fa8094fab21e75c9d47d37b3f98cade1d612,0,1,1,1,0,1,1,0,1,0
a417a85c395a3abb715f18bb0c57018175d0d83a21f3d4466446d3d94156adfe,0,0,1,1,0,1,1,1,1,0
22009431051c4236f0511089d9751a2daa46394ee52093f1761326a0620b0068,0,1,1,1,0,1,0,1,1,0
1e86bcfc48bb81907a5fa6d6a6d1919fe51ecf7006cdaba1d2e9314db2545158,1,0,0,0,0,0,0,-1,1,0
c17130228156db6190461edb5a19120ff6f1f5d9dc9603c490b0cb0c8919e049,0,0,1,1,1,0,1,0,0,0
db64e82bd54e7539998f02e18b97a9c0368cff2313a47763ac86ad146310de38,0,0,1,1,0,1,0,1,1,0
37eca5b3b84a8b8cf6720fec61fa032edbe14893088ccde3ed509e5241be6052,1,1,1,1,1,0,0,0,1,0
304646080984bb441b26cf5459fa0dbde8012224295365b7d60d0dcd97ebf6f2,1,0,0,1,1,0,0,0,1,0
675fc1db022d11d36aeb0d54adf2729c2316d1f93967a36d8bc4bad50b0eb0bb,0,0,0,1,0,1,1,0,0,0
80d86138637c2b39037cc057cbeb04ba2ea83fc1019cf45328f4d7785f8bb5d9,0,0,0,0,0,1,1,-1,0,0
064babed9d55236df96b2a6e9a99e62c91149a639e07ceee03dd3a305d390b9f,0,0,0,0,0,1,0,0,0,0
b748e1d1d3bfa1f015e009d77abbb574602eef52c19c0934bdd9cc40f616369a,0,0,0,0,0,1,0,0,1,0
46c7bf933b3a125b4534fc8a89e9c7894d1e3d8ce4deb91da55180645064c8f3,1,0,0,0,1,0,1,1,1,0
a28b5fab967089d7351b03dc623b0de25c4444b69fcd341e7836d68b8d416819,1,1,1,1,0,1,0,0,1,0
f849a6c37fcfcbe27cd6b6b72c3686c13e9aaea5af9b913820871005610600d0,1,1,1,1,1,0,0,1,1,0
945351876b72fac1d483af89a4892b0483e9df7903cae1041318d096d49545f4,0,0,0,1,0,1,0,0,1,0
639c5b8f399f44fc57fab83353b9d9175bfd134a3b3d3b91b66ef68ebb6adaab,0,0,0,0,0,1,0,0,1,0
872e2c6755d1551789e78d4557f0ec3255d5b050761676affc8bab6d080546f5,1,0,0,1,1,0,1,-1,1,0
1f5f49420eefd5aba1ab362a3f2b727fbcb1bed0518029baeb5e089135274427,0,0,0,1,1,0,1,0,0,1
a189ed1e10a49c03e83a437684fac6bf26d3c0616500ff44b220ebc0eae67131,0,1,0,1,0,1,1,0,1,0
21ca3ef21b8461eb9f1d755d33e2759c42cb690a0e2384077495426d81996c08,1,1,0,0,1,0,0,0,0,0
08b7daf5a32253db40fac2a7590381f332a7c97861ad912e64f91e9843b20b90,1,0,1,1,0,0,1,0,1,0
8e8fb89b31590ae65fda2e33efbab6fe8603cf222883a53442fb12f581a6a7dd,0,1,1,1,0,1,1,1,0,0
f80a86484c70a1462b48ade7fc10c52365a50ab5be423c7ac4f5b789b847f700,0,1,1,1,1,1,1,1,0,0
5410b07c44b3d47d2a532d1958a425caad1de87c55712708dc7bd4146d4dafb5,1,0,1,1,0,0,1,0,1,0
a3ea94e80ba65c0653ae4f27f11ffde0659734c2f1716cd675d352af118ad1e8,0,0,0,0,1,1,0,1,1,0
ddc349c61d95d3ef71f30fd69da15a942e610a52de308a6dbd5109eef050901d,0,0,0,0,1,1,1,0,1,1
429b028e03ee4434868e862d4e053faa6ecbb056ca5ce73400481fdbb30b2707,1,1,1,1,0,1,1,0,1,0
b8601168b0eceddbc666716e7b35c9d9d79aa3d1cb45510df1e3333dc6ffcc1d,1,1,0,1,1,0,0,1,0,0
635f151eb0338e4cce6765b306ee86b7c071488f4e7340a7efeeb2ed63ffb5cf,1,1,0,0,1,0,0,1,0,1
eb1b2a5f9b89869647fe85fc3d523b32c3c4e34997aac47daa30afe32734f1e7,1,1,1,1,0,0,0,0,1,0
b3026e1bc9748c95c256ba82d79822f4d4beabc250dcce8c2b2f4afa79044e46,0,0,0,0,0,1,0,1,1,0
8f4ded982616d3daae07b90b069648504461591667ba307e819ae503212e07ab,1,1,0,0,0,0,0,-1,1,0
990c857d0923ec44f6b5965997bab2f47c3f00943ea1caecbd79d0dc98eb55ae,0,0,0,1,0,0,1,1,0,0
871eb82365c02fec542e1d0267bb2912c4c62abc2b316690779a0bbdffc4b26f,1,0,1,1,0,1,0,-1,0,0
3d1c047ed4f52aeab73ece30cb2d8b6c1a1041d64c55a657084861b4b68d60a0,1,1,1,1,1,0,0,0,1,0
9e02f72ba997e2fa63148ab0c2ed01420ffbc8c68a845a55b946fa84bbba855b,1,1,1,1,1,1,1,1,1,0
62e29de788955ecb7cb8151eb35be2b680a5788ddfb751a5dc4e16b38f721a75,1,1,1,1,1,0,1,-1,0,0
8ae727db3f47aa8405a0bfad0460be9b9eedb144cfdd6aeb32c28e53c9296f61,0,1,1,1,1,1,1,1,1,0
faeef2dc568b094749ef160d70c320697679ac6da455102b167d55956eb338d3,0,0,0,0,0,0,0,1,1,0
2a754ee94fe53ac6354a8c3cf6bf4ff8293461623e7c3694da1b8f3db2bea35d,0,0,0,1,0,0,0,1,1,0
c0008c0aab86f1ba8b5a2d92b0717b1b4a86384d9a8e380593d06477fe133882,0,0,0,1,0,1,0,1,1,1
6fa48229358f7c7dc0b838c2bc38d3684322aef9ba1b92c19a719bda29059e21,0,1,1,1,1,1,1,0,1,0
ba6524e56a7d43d2564c5b455636d6ef4ac46eac4aa4a88c596605c35f4b76c3,0,1,0,1,0,1,0,1,1,1
af5e5901db71f0697f7ff63256dbb0275b398ce291982e6ce517f8c317907c3c,0,0,0,0,0,1,1,-1,1,1
9bbb150688e195afffe5bc2079d8323764c28c3452dcfb1f13ccf2677db6b038,1,1,1,1,1,0,1,1,1,0
195825d9829e0387600a1a2ce7f6c1c5ae994e6400e41949cbfe0e741197649b,1,1,1,1,1,0,1,0,0,0
ad5198fba3e1fa2517e651633422fcdd698429c79618ec9175dbe0175b66363f,0,1,0,1,1,1,1,1,0,0
dd2fa3a523c13f6d22fa69ff4dd88141008df845fc16ddae7b99b21dac301236,1,0,0,0,1,0,1,0,1,1
24d40ca3757689ffd3912b66c22447d398307981bdefc35cad4d1e6474084547,1,0,0,1,1,0,1,0,0,0
9653ea4966863c426de9b221e94a61644c367ed8e32e9bed6ba9a0541b1503c2,1,0,0,0,1,0,0,0,1,0
fae8df72d1242e34ab190b7d118c986edc3983a252452720a674b3d9d674f4b5,0,0,0,1,1,1,1,1,0,0
efc55ada674e0dac3438933b5c4e4acefec4a4ae990d629f0f85fa65e2dd9a99,0,0,1,0,0,1,1,0,1,0
d3dbe18152425c1cde131d8a37cc23d51d24ac527adc5e1fcb0e67564fc970fd,0,0,0,1,0,1,1,0,1,1
2ab40027e17eb3c0d22d5bd4e9d3387fc8f08f445dab9c383b18ec17336101e3,0,0,0,0,0,1,0,0,1,1
3b9537e51e7504ad7fb52e84aab26331a551d6cf72fc244d5dc187965b4db937,0,1,1,1,1,1,1,0,1,0
6358b831375a2968666869ffff8d7fcb0e4e0a835bbee431388b5c5b8995ec1b,0,1,0,1,0,1,1,0,1,0
6daa8aaa0a5705b7206e82686fda0dfb6a649a9835cf968c6cca206f1a69dece,1,0,0,1,1,0,0,0,1,0
1952fe41ffe12b496a1ef799d387c8ff4beb40e18496327038456652ddbf4058,1,0,0,0,1,1,1,1,1,0
17a0c08064e153a9aaba6440a1138489c91c429e4ead1272d5d3dac9ddda2e55,0,1,0,0,0,1,0,0,1,0
56392f02e3c42e19a659dbaad35df49ee6d7a1184ea539b737747f0c261d1698,1,0,0,1,0,0,1,0,0,0
ce0e3b27c0889946c4d57c9ba5f32ee81c04ecaba60302eb0d1be8d1b17337e9,1,0,0,0,0,0,0,1,1,0
55f5de6d8c087fbe83fc2c6f17599cfc022d3e27ec17e1d7ead6910022c00a83,0,1,0,0,1,1,1,1,1,0
303c61fa0aa71895a462bc7a2c7d65b79dc9d7ba377c16fc7a117ece3fdd412d,1,1,1,1,0,1,0,0,1,0
e91972d9027fcb460d2f692b2559363e69b70b464e970e8344370032e2c4cb45,1,0,0,1,1,0,1,1,1,0
4abe02cffb6902de57e3344282a64f7c76480725fc78baac15a01b5d3ea41a1c,1,0,0,0,1,0,1,0,0,1
003bd19b8628ddea54b84f98690065fb65395e4e5a54f78a561249109a94066e,0,0,0,0,1,0,1,-1,0,0
4f5e3ea43ee61572ff62a3a7e43f3f62df8340d44f2f96d4285b682ae967d8bb,0,1,1,1,1,1,1,0,0,0
98c63295296600a8daf32214c60d169f48429537eb121d148fac05333ffedf06,1,1,1,1,1,1,1,0,1,0
79dcdad084b16f0a38aee2e73e43f337492dbc5683ae7e6750b4f34bafa845af,1,1,0,1,0,1,1,0,1,0
bee8cbd5d8601b5ef481f6ef3d4af54a0b55b250125da011fc338a07c61518c7,1,1,1,1,1,0,1,0,1,0
a6d56f9bd5b929431e286f3f50f47810f2f517259ebf5fc790af7a004843c170,1,1,0,1,1,1,1,1,1,0
805471d3706f16d4db75a5e40fdbd98d38c3633aef99d7c790ea051bb7ced48f,1,1,0,0,0,1,1,0,1,0
ce43e935fa1092519a86c501a01379894b8b34cb52443843366d5dd0d7a87d3e,1,0,0,0,0,0,1,0,1,0
89cfca0aee7412cf2591bf3dcf950c755325d8ed6c7f46439bb099e5e941a769,1,0,0,0,1,0,1,-1,1,0
fab0e10473d994ce7d4f9b65e19e9538024ed0ecb66c9344cf10af292d761976,1,1,1,1,1,1,1,1,0,0
f00cf5fcf41512ed1ee332fad60e7a09d4989a422ad49f1dfe6ac7f1971c1c79,0,1,0,1,0,0,0,1,1,0
4e77c6a5e8f616565f9ffdc758b5420b8bd998c0f3cf79cf04d9e5a173bf7048,0,0,0,1,0,1,1,0,1,0
d757e3b4c958353959a768614eb92ac4675946a9b79a8cbb3d8ef89e5da2d9d7,1,1,1,1,1,0,1,1,1,0
603791a7f13c0a48d165240a71efdf154255c5413b885b9fe5f52cc075963c7e,1,1,1,1,0,0,0,0,0,0
2eca8e73e43ea71190505173405834e67cc1b7101b6bc31f45c30172b9443560,1,1,1,1,0,1,1,0,1,0
cccfa4a5279986e64cf3540a49a08eae63f44d47ef9a5768a89438bd0381309f,1,1,1,1,0,0,1,0,1,1
dd9f3503b22d7784205a8e33c24dd7ac79b1bbf011dee225ffd31f6704786ed4,1,1,1,1,0,0,0,-1,1,0
622eed594763a9745ab269e722216da4d92e81a709aec8b2f84c9ba1552af85f,0,0,1,1,0,1,0,1,1,0
f0e951793019df9c0299c23adc18fd4ee3a927a7d39f03b8ea9970a103adb852,0,0,0,0,1,1,1,1,1,0
2573f5d8bdc5ae0e80eafd99148a2636f9256e75a8e12d02a81ef689668d89be,1,0,0,0,0,0,0,1,1,0
19197720d783b016d27e1d483c231c5dc3a099cd5cf0483c562d7ae7ff8cca97,1,0,0,1,1,1,1,1,1,0
78aba70dff74924cd5ef382ef770a6183cfbaad64e6d55cb8ee8e86720414a2d,0,1,0,0,0,1,1,0,1,1
9b1786751a50a1fc837dd49c87a9b9b477ccccd68c3a2be8b593f64ce4451b0e,1,0,0,1,0,0,1,1,1,0
d02f40101d92e32cf77ad47e2864e86825661c75ee4822c57a0425acc59d0c7b,1,1,1,1,1,0,1,-1,1,0
e9b610fc685862b7b523fd9f52534bd59ebc8567eaf20b93cddfde3d8088ccb8,1,0,1,1,1,1,1,0,1,0
d30915e23f1d4a50197452e37d44de16c7208a8be1fde1fd495463b9af8367d2,0,1,0,0,0,1,1,0,1,1
bbe72fd9235446bf9bc815b63d90aa94a085955666e1b3409a0a6ff332fddce8,0,0,1,0,0,1,1,-1,1,0
18eeebc13cdcfd085e640733c1e716f919aaf8510ac2e54d5c4324ff5ca54c25,0,0,0,1,0,0,0,1,0,0
bad4c3745f436219b1a855568851e779cf8cc4e651647d180e968a9508168acb,0,1,0,0,0,1,1,0,0,0
1e9a8be70153b012ba7ba7a79062fb4634c508fcc16e01375155260e90e2d726,1,1,1,0,0,0,0,0,1,0
52d64153ff7739cdf074e271a5beb596c4ca2d7303fb86eb1e17cb1c53cbba36,0,0,0,0,0,1,0,0,1,1
479591b1b9a72204279bede00bf1a7ed3ad62c676469f2a40340cec9154794c9,1,0,1,1,0,0,0,0,1,0
65edfcbdc6b9a9c25c62ccc500913e922ecadc9e8bb0fe37899810d6d9ce3e99,1,1,1,1,1,0,1,0,1,0
f0bd3f6aaa6a3cdd332442cc01a4decc52acd115be2f2b2ff64f2f0f1e1eaa65,1,0,0,0,0,0,0,1,1,0
cedb34498390e57580661b9efb1a57977b944f996107dc3858fb75d66488ba14,1,0,0,1,1,0,1,-1,1,0
faa005713a9e73c618fb024d892f3562fe6860b4fdfdcfb994ce4a0b3d22d7f1,1,0,0,0,0,0,0,0,0,0
c20815ec9ed0b12c88ee6ba814d90784900ebfa1d2704d53979ec1f5f62e817e,1,0,0,1,1,0,1,-1,1,0
913774b03290d51b776a290da4507fd415cb73c1e45be34fa5ec6de56b6651be,1,0,1,1,1,0,1,0,0,0
15df23d5e46d763a82090d6b1804b648eded8499338da68b57a966a43909134f,1,0,0,1,1,0,0,1,1,0
fc11de9f046ef7bd1872608abbbedf47dd76759c01636d784475d10fc7d21c41,0,1,1,1,1,1,0,0,1,0
f3e5dacf145c959599ea5861f4778617cd79b691e4a6f14b9382892bbb2f8a16,1,0,1,0,1,0,1,1,1,0
47c061123413867e6487a1d7468c04c14d78746098bf438b7ab660186f5cbb90,1,1,1,1,0,0,0,0,1,0
1338e4a00c399022e3e57d66456c261f09e422f0495ffb98a421073392b0a190,0,0,0,1,0,1,0,0,1,1
5b1eae7955bf7fe04668360efba78260a7759fdf5f28a10327e164966e8c1648,0,0,0,0,0,1,0,0,1,1
bbd39ca812573ca8b60b5dccb4b2fb9b18004ba49b3b34ab9dc49e90a0d22667,0,1,1,1,1,1,0,0,0,0
86119dda90bd201f8a3a5f7414bc91ae73e3c0047b5deda94115b2cdb1d0567a,0,0,0,0,1,1,0,0,0,1
da0283adf312c08fabee2148c95a589535aeb1b1e684f14bc49aed7af68a48b5,1,0,0,1,1,0,1,-1,0,0
37e2139544d8c311031d996cbfb6db38e482ea9d2320a5d4c05bbbb5ca7520e5,0,0,0,1,0,0,0,0,1,0
d14ce409f2960bb88f5e8dfdc57d1759f9ab4006915205171c568d6530e86c0c,1,0,0,0,1,0,0,-1,1,0
1bc6f86b80d170be2f4d852bcea74628a53b8a2cb777c4f85fe0419834b7ce62,0,0,0,1,1,1,0,1,1,0
fbd6d3b5ea94dae0743635cc3c9970392d0abd7a9e2e587431ef3c9bc5b28430,0,0,0,1,1,1,1,1,0,0
10a9243d1619cd7a6ec955bf334162e69136b0e7861d9f1d61178ed74f620c2b,1,0,0,0,1,0,1,-1,1,0
459c42173d46c4d88b3c3b9f24a27737a3523c121a21de3903d7491bc21e3efd,0,1,0,1,0,0,1,0,0,0
c7dbff5f7182d8259e7fced39091fd8678078a2245dc8613f87276191323455d,1,0,0,1,1,0,0,1,1,0
3f16a15bb9104d4d567d6dc8acf927a8f827f72b803a756ca6ba931291bbe12e,1,1,1,0,1,1,1,1,1,0
5e3229d7b88f29c1883840f38082648aa8c3724acd9950ec92d2c18e530ff94d,1,0,0,0,0,1,1,0,1,0
e3958541cf5fb318443c3e57981ff772cfb1f730866f3fa49523c268ba8df2c6,0,0,0,1,0,1,0,1,1,1
225614d190e61dea841ad1ebe0c4421f96136c3f232c484071ab9634629172b2,0,0,0,0,0,1,0,0,1,1
6da1ccfd318d46c98e498369ecb449d4df165fc993dde7553722f37d667ded6f,0,1,0,0,0,0,0,1,1,1
37ed8795cfff54e0e5bd4e7e0ba4f17e2b3697741032c73c9721b11507813759,0,0,0,0,0,1,1,0,0,0
b24cfc4828c9b6d44f675a7f3801bcef1b2a68ac6c53d91b09e7ceb3ba0d346c,0,1,1,1,0,1,1,0,1,0
e8ace80fa4c4618cc7f7866ef0d68fdce533a6b1f8f0e46e41c9c23592d2e490,1,0,0,0,1,0,1,0,1,0
ca3196d70c06829481fe52a370221bc7d0f9cd89e3386d7f60d9b38293093ae8,1,0,0,0,0,0,0,0,0,1
18418a388f827ca2e5e775cc22d3c13b79be4b20fda13c78a842b920e8cf34f9,1,0,1,1,1,1,1,1,1,0
8e4691343dd18d502c78123350c302f8cab9e810a61a03b474d3c44e3d764257,1,1,1,1,1,0,1,1,1,0
cbd7e076ed6114bc52521ee6ae1c782e004f0b85775e0dd2b0bafd2d0a3f1ebf,0,0,0,1,1,1,0,1,1,1
3fe89442553a3605e95505ed480e0b99d095d7e632e5811e0480e635be967937,0,0,0,1,0,1,0,-1,1,1
240fdeb4b735b4190b0cac8faba7555fbf590e883b765105be4cc13863a81ac5,0,0,0,1,0,1,0,1,1,0
dcdfe37fa91c9f54455fa20ab589ba613536a81ce5efa255ce637f22e7032626,0,0,1,1,0,1,1,1,1,0
10c4b139bcd20e570e8d7aeb7c84f80e9703c33cff54410f167ba47ac62ee901,0,0,0,1,0,1,0,0,1,1
79786e8109ef88c067b2a361edd016282fb612865e264d9ca785a8b946835869,1,0,1,1,1,1,1,1,1,0
b056b46dd1d5ad642b5e84985e0ca1bfdf5a1b77e277f73ddd42060ac7a16571,1,0,0,1,1,1,0,-1,1,0
6dd440df2d4a054d6fe418b9b7754e83815a42cbd0d7b68c6b4495f5de163cd7,0,0,1,1,0,1,0,0,1,1
b21e981aa079045843270d195563028d508d241965e580136670ec55dd4c3bf6,1,0,1,1,0,1,1,0,1,0
4bd8599e17ac0dfa2f196a76982f3e0a50b879f1e2113bd153b4dd39c9b4f9a3,0,1,1,1,0,1,1,0,1,0
07764490c92e0d5c9cbf94f21a8e891ac81da99716bcad79b132c2148add7931,0,0,0,0,1,0,0,0,1,1
36e66584420ef9f114a40c3fb4a83fc86af5946a47ea7f5a9bc1750258fff506,1,0,1,1,1,1,0,0,1,0
2a9c57faa8313994c059ca49cf6fa533208cf2838ec5f4006c257092f2691321,1,0,0,1,1,0,1,0,1,0
af376477f277c2dc8b17df035d46ffb5ba660fb4632b516aafbc71ba96d013b5,1,0,1,1,1,0,1,1,1,0
67fdddbcf4824dd29505a663ef2560389ab1fe8340893df8b6d8c6b446dc552a,1,0,1,1,1,0,1,1,1,0
fee3d062fa8ad3cbee4e076e0a09f7152f606e858cbabfdb7e800afeed9d3fc2,1,0,0,1,1,0,1,0,1,0
7158a866cc2c5276dbfdcdc55fe51022735877bdee7ab9ceef5a5399a0001cc2,0,0,0,0,0,1,0,-1,1,0
768b4afbbcb74cc0de805af678fbf883e95614ee6ebf4ec5b82d01b289529110,1,0,0,0,1,0,1,-1,1,0
070b4fd11965a0d25ed348794628deda87bb3c3657c781114e7b37c32930cdcf,1,0,1,1,1,0,1,0,1,0
43f93ec45033879839d8d3b8ce0df5dc71a2e57ed1df38beda35fd7413671b47,1,0,0,0,1,1,1,1,0,0
da2545222ecff6dfc2122ef5b5345e755fc1d39ef881555639c239acd6345edc,0,0,1,0,0,1,1,0,0,0
87b8e9a353fb8f10844ac964fd987747de7818ae54ffc99b470dd99a65c6854a,0,0,1,1,0,1,1,1,0,0
341e1054e928f24ebdb93907f7c9e9ee2890c3dc651b865a86b9a3fa8d7cc8e0,1,1,1,1,1,1,0,1,1,0
95ce52346d1d9aa248549c5063c5fa1e0f37354f1748a5739fc1079f313d38d2,1,0,0,0,1,0,1,0,1,0
32d1d7e8190087dd51de96cfaa50d38630dc3ffbfb5eab74708f08d4ef80120e,1,1,1,1,0,0,1,1,1,0
2ddd544efeafa08b459ac13cea8a6542958cd292bb4daaa29946d65075bfa0e9,1,0,0,1,1,0,1,-1,0,0
0e22f9e448df5e90f74337bc4c90d070bcb8a40fd7de0204a26faf74d031ea02,1,0,1,1,1,1,1,1,1,0
4e74a28201b2ae5449a366dfabebe46bd97ee7d79579239fb96104b6e88f000d,0,1,0,1,0,1,0,0,1,0
2f8e622da936d18d1b2f2e43c929751c9a8f0a864f4dd91cb141691bb093e5b2,0,1,0,1,0,1,0,1,0,0
9c47dc79154376fdda675f4f4461954f3b2f17d3b8f47bb0ca24cdb13af88ff6,1,0,1,1,0,1,1,0,1,0
a1f89b1ce1e204cadfb30d08d415c39a47aa47b9c966e059741a4e7071f99a8f,0,0,1,0,0,1,0,0,0,0
e8ad87358988448b50ee857c52d06ac1684a5efb204aeb5ecfc7085664e49a31,1,0,1,1,1,0,1,1,1,0
b1c330ab7fd249a6f78b2ff23117c2c7e4dc470bb60d084dd0f3971c62b42209,0,0,0,1,0,1,0,1,1,0
d08a90a0299da9285c917fdefc2ad899fc2076955a7971cffc9123bbddcd8269,1,1,0,0,1,0,0,-1,0,0
e072c07a2866956e78f3ba9df3a33ff644f01bb958ea7bacdd33c1656dbd6d3e,1,1,1,0,1,1,1,0,1,0
ded08f8b6ab73e775aacec6e06ce94cf3024751847c3d3dfebb40dea0719929d,1,0,0,0,1,0,1,0,1,1
9c8719211fcb916544c9bdda4bb299468dc67e1c804f66f23f7ffa43568e5d0c,0,1,1,1,0,1,1,0,0,0
5244c251a2b6ed74e984dfe9c107eeda5caf2b523f20f8e9db464919b4a051e2,0,0,0,0,1,1,0,1,1,1
91f53e9e76350b7b44fb248643b3835fb59231cada575d5e0f8bb925ce35d4c3,0,0,0,1,0,1,1,-1,1,1
b651b1c7d9d46371871e59abba5a5c756ce4ae0a32d3a2259ab24ea95d539f08,1,0,1,1,0,0,0,0,1,1
93b4ba4a021a9fb966df3e3ca1a6e36b7516a4968597e39de7fb67914550d087,0,0,0,0,0,0,1,0,0,0
06abbd8876b110f3be91d68e6611a97f15b9fdfbff14a070edeeff9928e78fe2,0,0,0,1,0,1,0,-1,1,0
8912cdf7fad3cd1e2d3c8a94ec46a73e70f2c564f977b7a50c1379c322112589,1,0,0,0,1,1,1,-1,1,0
bda9b914feec046bb1afaacb285492b89008ed9fcc523aee4ce279f27d68e8b5,0,1,1,1,0,1,1,-1,0,0
64caa170fc4311249ffdda48b8ec3249bf9dd5fde4e686f318b915069fd68010,0,0,0,0,0,1,0,0,0,1
3bb781afbde279d2be31c927e5d6676b75222c755bb3b384709c20d56e3fe310,1,0,0,0,1,0,0,-1,1,1
269bf035efd6d1a4565880dc4cffce197be242109f65b98129196f948dfbdbac,1,0,0,0,1,0,0,1,1,0
711eb4ced564a04f6cf46f77c9d41d39a720fcf27f05d390530485875cdafa1f,1,1,1,1,0,0,1,0,1,0
29e4b61df24c49889c2f94b1a2b4645dfd3c3b906be19e1c243fa0bba35215a5,1,0,0,1,0,1,1,1,1,1
662e0cf12e15b61b09f4cf6bdb9aa1eb682b69c24bcc0078e914392c829a493d,1,1,1,1,0,1,1,0,1,0
61d65128d5908847605ae1c48e387a0ac546049e5674b620d89ce06381afd17b,1,1,1,1,0,0,1,0,0,1
2ebb0b290cd2bbbd3c781320ea44dd1af9e4fab0830232e92aff7ba6c7d438c2,0,1,0,1,0,1,0,0,1,0
e5d143bac05c800473822ceb76fedc55142d1086102eff4ba9fa7f0b5ffb9e74,0,0,0,0,0,1,1,1,1,0
0d0b0b7601d15e617db15b9cc3882aae14688f8835d0125d6e880a618942a3d4,0,1,0,1,0,1,0,1,0,0
0b112996792aa9adde712086df2cb7aa72fc956a93f5d17bc7af11bc5ee06061,1,0,0,0,0,0,0,0,1,1
5b9a877de897f227cf8c3e2c8ef94655896b2d26f300e03bfabbf2bfacba0e3a,1,1,0,1,1,0,1,-1,1,0
18ee25a13287753c01d7fbbb4124d18eaa364172cf59a175309ea65921510cbe,0,0,0,0,0,1,1,0,0,0
6055a7aca90e97dd25bf7fe5bb1b9ce6b7769fccb9fe5973cc4541705e2ac39c,0,0,0,1,1,1,1,0,1,0
71f986d2830cbf6ceecf6dcbb53abecf2cd8a9fc8dfcfb891f89eafb924fa52a,1,0,0,0,0,0,0,1,1,0
480f666862b7065459ee26eb4bcdd18703953da4e8e3648e6387ae2007e1b510,0,1,0,1,1,0,1,-1,1,0
57ab2959e6a3ecc81c4634efe60770bf9939ffd318b8b32071df6fb83c29ee5f,1,1,1,1,1,0,1,0,0,0
8a5a22f051c4db645ef24231feefb9ba28116410b71f4fd3912584e8c0352879,1,0,0,1,0,0,1,-1,1,0
9cee0e3453efdbf02e6984142d6c6c3536583b06451f24cddbdb3dbc5c4c39bd,1,0,1,1,1,1,0,-1,1,0
5e1fcbc4a65f1b99a3c5a10645e79aa428f0d7d903f7da936e9d44aeb124980e,1,0,0,0,0,1,0,-1,1,0
b37630a0de4b4703d3fbb2ad06be5397688229b090e905322f4dcb2ccfb95e79,1,1,1,1,1,0,1,-1,1,0
7bce5425fe9a10e7b34c54fd7e0496ab0d80ef398ab214c4f0a982de051d7a40,1,1,1,1,1,0,1,1,0,0
c789ebe10290434ba679843412d7467b75c29abb770848aae39f1bd607c26b7b,0,0,0,1,0,1,0,0,0,0
3d940fc6e8abc5db3d2f85443de64eaecc37c03a4581ae2d78bea853541dc6df,1,1,1,1,0,1,1,0,1,0
e58b0cc79bf3b52be09173bff0d0eb728c400a1b8a65161000d253957885121c,1,0,1,1,1,0,1,1,1,0
3cd7dfbf217380dbae75e8f0746a133ac4f4246cf031b9f326603f38ea4609dd,1,1,1,1,1,0,1,1,0,0
822eee2fcdddc498ac02a92442f8d7352417b357d3503c22e54afdcfeba5a9dc,0,0,0,1,0,1,0,0,1,0
20658c8927c2cb010fe524f89c136e629cfbbdae8ea85ec24d8564153c5381cd,1,0,0,1,1,0,0,0,1,0
6896a4b531179a96d521e552553f73d935dddb5de2f3638ac281872b0c828f17,0,1,0,1,0,1,0,1,1,0
913b8e79d51b92972bcbf86c9c69805884327b6a4e935d42e77ab57111c86e24,0,0,0,1,1,0,0,0,0,0
ddfdeb6aab0e05bade87c04fc56fdf7b1532675bee8db06ec2a90efb82bf7ede,0,0,0,1,0,1,0,0,1,0
b32aefe9570a1d1291de53a533c433c387dd311cb717dca9df54e1d4b851abc9,1,0,0,1,1,0,1,0,1,0
246e3058cb3fa7cf62424f325415a06d26f3637ae56b131321ed42dedf4294f3,1,0,0,1,1,1,0,-1,1,0
5dd11aa79fa44ef71bda1023839cb6e5e8939ae4f656323aa2abaac1e33adc7a,1,0,0,0,1,0,0,-1,1,0
ab6f1ae97acd0f939e3b0f9b7c8c5c409e6e404a899892ff7aaf14e741704316,1,0,0,1,1,0,0,1,1,0
5f479d9a47abec9f8f1f2e602010f295b9d39b946211196de7a704789505e2fc,1,0,0,1,0,1,1,0,1,0
9d39168f930882d0f3744278626d850a35d25f758ff5270336ee2af8e9a6dc52,1,0,0,1,1,0,0,1,1,0
e26c211d38430e260ff8b6d2a93caa7d418f1ad464ec3b27319afd15ebf285d5,1,1,1,1,1,0,1,0,0,0
98c5b5491782878b2654c8e5cfe3f931ec9817e8fd201e68bfcc91b74704906c,1,1,1,1,1,0,1,-1,1,0
b5ae1b9412ef32236c652f45b633c7b2eb405904df0bd0c557ffe9895a4fce44,0,1,1,1,0,1,1,0,1,1
00eb288824b3971415fd6eab031492ce87700989cbb3b7d971f6aa1bf1575b6a,1,1,0,1,1,1,0,1,0,0
b996ff87b8466383ea0e25fe5e0819618b88eddf62a804f30534d6be4ad18b5e,1,0,0,0,0,0,0,0,1,0
fd2c48f7aae00342b28793d3c8db29796265e0570c941461d7fe2c69eb66680d,0,1,1,1,0,1,1,0,0,0
8dcaf755d910086d2fdb398766b98a994500387027041cd46687d36118f3c940,0,0,0,1,1,1,1,-1,1,0
c91526407a1635779b09650dfa4a3ffbd6979f26ac1960dae02275ac28174f4c,1,0,0,0,0,0,0,1,1,0
dbc6a779add0b75e4d6e30e929a7abb58025a078d6994592167f9071868912c0,1,0,0,0,1,0,1,0,1,0
c72d4037ebab34f4101c9b06812a62d2d59de433f2f837727643510cd57bafc0,1,0,0,1,0,1,0,-1,1,1
17a27ac80e374f861411a09c2ffa0c7bd6bbe6aa6b6eeee397508fcac67dad77,0,0,0,1,0,1,0,-1,1,1
a71923d29fb38a46a3e2faed7af9728b001e09d48e4b7aaa48fcfc1a398dd08b,0,0,1,0,1,1,1,1,1,0
6a7f351c0cf59e86be31154bda66f438d9268136abe2817f1e08ba1fe6e27c6c,1,0,0,1,0,0,0,1,1,0
632678bd2c0a225bee7c4123e2c1dfa42b9990b79594792db33c99586b69e4ef,1,1,1,1,1,0,1,1,1,0
00f3609cec312307d692408350e27e2a1d442dd0274a664a1304b04cf79cef7f,1,0,0,0,1,0,1,0,0,0
f60dba77047c92b3bf489a14ca7cd227ec3ab1a81ef1dac6e3c9c562d6c2a27d,1,1,1,0,0,0,0,0,1,0
659182f1848946060fe1dc0fdb17c1f7c839c5b3fdbfda09aeefa1df76b63d48,1,1,1,1,0,0,0,0,1,0
cc1cf421825cc808e6b7cdea0c565ebbdc45f2b31a641ea552537b8c206a379f,0,0,0,1,0,1,1,1,0,0
3a930ec6599b1ac523b85811a304c3023b58e707b5b362b46c840bc9c1976b67,1,0,0,1,1,0,1,-1,1,0
3a93b28928f1ccecb4b3d0968e8e84d730380f7ba4b3d283b52efb6b41e59ca3,1,1,1,1,1,0,0,0,0,0
9c99b8e07c0ca7ff2e8ad345b9503e758ca3426637ca8db22263c38a292a2606,1,1,1,1,0,1,1,0,1,0
af910e4699652504cce47e2b8952128e57d4c8c791861866df1d9a48b023c0a8,1,1,1,1,0,0,0,0,1,0
657804ba3886fe14eeb0e7d1fb47af27329acf9de6b15a2d2827c56df352f44e,0,0,0,1,1,1,0,0,1,1
b31144984cd98f9ea895c90c75f5fa50cb35bb08e71f489f6e88274f90ab0f85,0,1,1,1,1,1,1,0,1,0
99b06966f6d6fda148d981eeaa75c02cbea91832d363a62d8ffe2ed259268bdf,1,1,1,1,1,0,0,0,1,0
d6018bf1cb58857b510d330597a17a2bb9428ec193f6a2da85abdd2869f9dae5,1,1,1,1,1,0,0,0,0,0
c3d0afe4c14ce9e651feeeb605360905e045551ee9b2b9a49fc9923bdd287fe1,1,0,0,1,1,0,1,1,1,1
1cb0c580abcf71f0585a9647b6f6b1f474f108d82bcabd68e5b4c42313c8d108,0,1,0,1,0,1,0,0,0,0
eab6a058413a69f453a3a20f2787260e199499c07c812eb94d6b811b0497fa2e,1,0,0,1,1,0,1,1,1,0
4d5e031265806692087c361a57442b28a203f1dfae0798d260eceaee72b36b1a,1,1,1,1,1,0,0,0,0,0
43f01ebb5989fdb2ce2def55cc23deaa969700843862bbb0519a2f6811c89cc2,1,0,0,1,0,0,1,-1,1,0
25d35922dbdcac0d96d9ef1f06faca37a38b409e295361e9bf2788936cfbb784,1,0,0,1,1,1,0,1,0,0
ae1f9344a1bb922d3452a76d2061da6fcc4124ec8c7345aae23df6b0758a3041,1,1,1,1,0,0,1,0,0,0
23a37e504561fb3e69b8ec77fd92d007c541f077135eb64dddff187143d0bab3,0,0,1,1,1,1,1,0,1,0
4d9cd1b415e178537a9e799f06cf97fd8af36ee2a9720ae1629970d386f79ef7,0,0,1,1,0,1,0,0,0,0
a0eda27bbe5cb9420f49395543bbe7fd3cfd488e9d7e0bb4af6d9355451701fc,1,0,0,1,1,0,0,0,0,0
e25ca4b5833cd68c782334f2ad9d41811c7386094e9643382864564c9eeda41a,0,1,1,1,1,1,1,1,0,0
13926fa89be86320a5ad626919538aae3488534d40cea0b68e2a9d6d7360a02c,1,0,0,1,1,0,1,1,1,0
22989522312ed1d2aacb4806679a799d63ad1f9a63b5f19a9738d85c035cb48a,1,1,1,1,1,0,1,0,1,0
3a504dfd68169a12a8eeed1a1ac7f25116d8eb2bf8b18f5c1b6896e31b973684,1,1,1,1,1,0,0,0,1,0
e9cbfb8a9ac9fcf477f31ed6bb560fbfef5d3c0e8defa8ef6a91afe3b169d715,0,0,1,1,1,0,1,1,0,0
1409c608284caf851d0caeda630ccd351b8ef8a1d2287b4796ea4eb5bb202cd8,1,0,0,0,1,0,1,-1,1,0
d5ac806138b1673b53a912d77bf76e257efcb64b898b67279923e48b08d6044f,0,0,0,0,0,0,0,-1,0,0
26239715a4675019ef29d1df62b6e72e281fcc62a69be44c453ba4e67a1316d1,1,0,0,1,1,0,1,0,0,1
4e59feb434c06934a57024b14b960c410bed94627ebb386d572be9619db4669d,0,0,1,1,0,1,0,1,0,1
42ce92d4ae74e6f32fc91c7f31a12f60aea2a9c40db66097c40fff9cf4d4cae9,1,0,0,1,1,0,1,0,1,0
dd36d9fe9953e3b3710a0e8d7b0f73372b717cef7a342c9c901442075474c423,1,0,0,1,1,0,1,1,1,0
a0783024ed1b827aae030f6f6d3cb54d686a530b1a000a4ce7599f4ca974bf47,1,0,0,0,1,1,1,1,1,0
1aab1032bdaa34da1abb2ec84304d79b6711a656c7da2ed2db2055813df62418,1,0,0,1,0,0,1,0,1,0
1d0a7197c926c5693ee2d5a89d677741b482c62cd09317fb5f19d36e1caca5b9,1,1,1,1,0,1,0,-1,1,0
2e2a68d54c32e9da53339bc002c1e01184f218d68b64ebfe6257516f3d173f44,1,1,0,0,1,0,0,0,0,0
bb831735f03a4b1725d470f73c725d3625fab12108b60783500498b6a7e1f36d,0,0,0,0,0,1,0,0,0,0
3a8b50f4e0ef9120309d17391a5d23c0199cfac542c8903e8ad8a9a93e7f1c5d,0,0,0,0,0,1,0,0,0,1
6851a89228f19f8d6db9ca1c2bec9b8ffb396c7f764cefedad0a1fceafdb3a3c,1,0,0,0,0,0,1,1,1,0
3df6a75b5ddd0e9aec318585c6f8d88a64179d648c3a91cba2a1439aa6d306df,1,0,0,1,1,0,1,-1,1,0
f8078d4507fc5342fa9bd6181686dd41252a86e3534baf09019e47887e1d78c4,1,0,0,1,0,0,1,1,1,0
011201fb927a49ebbd50a12151bae6e02a2965bae646278fc068f8f4d6f4fcb3,1,0,1,1,1,1,1,0,1,0
d42be27138b949eaca14246a1129cb024683acf7279bba029816c0b89529e7f4,0,1,1,0,0,1,1,1,1,0
38f88ccc271925270a3e1ad06cbbc7044005bd251d1685946f3387f3acdc933e,1,0,0,1,1,0,0,0,1,0
33109a78d3831c32d1965312d16ee0085e552ee2a9892233821a89157f114ab8,0,1,0,1,0,1,0,0,0,0
5b79191c9a9f90b9b2adc434e78f84772856f97322dd058d6424dbc635059741,1,1,0,0,0,0,0,1,1,0
c6418d5864c6f02bdb8aacc403b9b6deb245c222350f776b44b35fd01ad0dfb6,1,0,1,1,1,1,1,1,0,0
7d9647ccfdc578e1b52bfc4ec5e4b76dba054c664674e4dcf0a3692f8e92d35d,0,0,0,1,0,1,1,-1,1,1
348558bae9b22c06db773dc9be3687eb327d48b595b694435155ba342f408d81,1,1,0,1,1,1,0,1,1,0
0dd71fa8fb6cb8d974a93cff13beb8ecb9682d15176b430efd1ebe1ef826d723,1,0,0,0,1,0,1,0,0,0
ee2988c72bea8a9d334e6b0fb2270d08d61d883a38b0258c491d82a72d74fe7a,0,0,0,0,0,1,0,0,0,0
0d1911ed97014d0e91ca3a58ab04f3fd6473d4c6384e7b7edafa3578d40e0585,1,0,0,1,1,0,0,0,1,0
47679295abf5c8d9041642838b505cd08d0621f618d77fd384256d97f49e5d55,1,0,0,1,0,0,1,1,1,0
f8c84f9141761d264d80c48122676d582a4206be3bc31fdbd5b2e487a649b5da,0,0,0,0,0,1,0,0,1,0
e5c608b6fe7b4c24cb98619a140af678578874fd8a4e3cf0961516a20c389404,0,0,0,1,0,1,0,0,1,0
208d33a267d7896acfc483c1447780ad4e61524f9bfd87a1e3017aa7d4236d2f,1,0,0,1,0,0,0,1,1,0
e51fd4f0fde92895d36f05f8832c4891a260fa981cd230c5bb661ab0e8ffacf5,1,1,0,0,1,0,0,0,1,0
4707e2294f68f64822c5cc6368c1eea60ec3de51d0d8d7045bf143c896edf109,1,0,0,1,1,0,0,0,1,0
5ba99ba7d26f1f8ee2b57de097c73a504e01b363c2ca84a95850816c9cde6732,1,1,1,0,1,0,0,-1,1,0
9dd587c6c6e8239155f30ed78eaf499b1d2bae4e175bb21f32ab1dd904ed5d00,1,1,1,1,0,1,1,1,0,0
653c227980ff4b0925ddd982847c1074d43f69901975ef258ecb565dd88afd3d,1,1,1,1,1,0,0,0,0,0
a6198a04fa00bcdce830e8d97fad59a494e6e77e2d453ef16974708d0695b46c,1,1,0,1,1,0,1,1,1,0
5d9bbc91ee9f4f1167cd406daa773bc4d71d2fc380ea8c4989573789a5a7ec21,1,0,0,1,0,0,1,1,0,0
c2c3c6ffc66e63cf7de6290200d29a3ca66c07c7874b28d228be0281737d1976,1,1,0,1,0,0,1,0,1,0
db0ca8c0a8a7255f7160ae0433a8c6d42ce0fc5381d8442bb0ce8a9a9fb75e97,0,0,1,1,0,1,0,0,1,1
53124e0254d8f92a4db9898b3a251784197e97bbbaa1ac82e3d997a4c22118d2,0,0,0,0,0,1,1,0,1,1
29df9e05949590b6209d64a8123c23ab2b69ccf29123313dff3f7f49081034c9,1,1,1,1,1,1,1,0,1,0
ea14b85efdb8f3972bd23fe2a8f7180c2fc19ec4f7a4ba3a827fd4dd5561ffb4,0,0,1,1,1,1,1,1,1,0
944bcb164bb85f2f392258ee453385c896b4d3b6226e6575fd937d15d1e5e89b,1,1,1,1,1,0,0,1,1,0
22158fe1674e1e7658afd3e22d42fd9ec8aa2525aae9fe5cc99cdfb097f73e64,1,0,0,0,1,0,1,1,1,0
504125705cd6c2adb8c3e7d6c112ed64b02b55e1a00edf7e6f72f5ef842b0fc3,1,0,1,1,0,0,1,-1,1,0
3da92f89cf50cc4c54b754048d24d9e3842669577724d4c851d7139a4b38e770,1,0,1,1,1,0,0,1,1,0
aeff535752d569ad501b10fbb2875cf04614898400ccbacbfc02a4c41d7a7555,0,0,1,1,1,0,1,0,1,0
90c50ac49d5d10e969171b460b5d0350a94269ea56deb1160419a6e425fba82c,0,1,0,0,0,1,0,0,0,1
6320588eab58bf442aa56aa2a17d0a46cad1582160654997bc5dcfd5b2dfacf3,1,0,1,1,0,1,1,0,0,0
e8b328a176803182f975206c4b5312b09e7abc1b7a8888df923e106d2e6ec782,0,0,1,1,0,0,1,1,0,0
8807ddfcf09c4349a25ffda2e8505d255bcb024eac0f9269a9e4189708ea1d60,1,0,0,0,0,0,0,-1,1,0
93420c4ca25f72526534554eca33f80bf142f0bc43f9eb1e49b08e4f93057bd6,1,0,0,0,0,0,1,0,1,0
b682b5a37d9b75a012ac5f2998acce6721ea4fc5e9289471c28d01b5718e87df,1,0,0,0,0,1,0,-1,1,0
0b9d06912be60cff4105bcf07dacfa92646e8e936e4914716e0ed7554bcba574,1,0,0,1,1,0,1,0,1,0
fff8c233d52389bd53a63e62bb1fe62480842fe3d0857e59931b66d6530a2361,0,0,0,1,0,1,0,0,1,0
9947cd2c9b26fd5bd965a66fcd7af79eb2c4226558b06e4c1ae179e23fb17f26,1,0,0,1,0,0,0,-1,1,0
9d6e8d95ef70460337749f8f2b57cd718d127f3891037ba4d1c8726cc586bccf,1,0,0,1,1,1,0,-1,0,0
dcf2870be17776573d996422790bca22e4875a57419d5ce767876d1fafe1c20a,1,0,0,0,0,0,1,0,0,1
801eb68b5d38b7f5d97144741fc90a92777bb8696a31778539d6bea022f018d6,1,0,0,1,1,0,1,-1,1,0
3ac4c8fe4ad1ac7d19d0966faa0789697fd79c6907ae48690c6fd8febb187b06,1,0,0,0,0,0,1,0,1,0
3fdebdb10225baefcd37e83032953bd8b5ed40aacb22803b7eadb1f9307bbf20,1,0,1,1,1,0,1,1,1,0
4808846f7f4d8209381faf57c823dfa16b42592769d7a61e0a60030f9c19f5f7,0,0,1,1,0,1,1,1,0,0
a312e409d10982459a804f0ae0e39941070f386b8eeff65dd0c6c84cb01d15b5,1,0,1,1,0,0,0,0,1,0
820112a101fddc6e3974d0da691281b2dd2dc0e3c047ce6fb2e3b61138e4764f,0,0,1,1,0,0,1,1,0,0
036f328ada50cd983117d03f8f6f76f7fe89500688ed85cf766a861d26580e49,0,1,1,1,0,1,1,0,1,1
747de7c87de8afb9d75105cb6d46b5f538c09e565b4fd1ecc1492bd7c5d9dc7e,0,0,0,1,1,1,1,1,0,0
10260e21683d3a53dd31534ac7b6502e76577f65c844fc51e41ecba619ab77df,1,0,0,0,1,0,1,0,1,0
ad8d4bc39df45ccd200b6eee3a14fb98dd179922354a939075423a260181f8e7,1,0,1,1,1,1,1,1,1,0
6cb9a070bafb4d9db7c9346bba27269c857a8f3c25097661a7aa53ecdc10ac83,0,0,0,1,1,1,0,1,1,0
5913af1a2d3f2a3d224b388071acf75cafbb9a85835152db0203e77011b6eb07,1,1,0,0,1,1,1,0,1,0
3934b038ce93d3691266d24657b051cea358f8ecd52cfe2715dabb976a9a4e8c,0,0,0,1,1,1,0,-1,0,0
189c40d6fd9974fb201abb6a7a66b9b48408a8ae9a930786c6e7da11d81826b0,0,0,0,1,0,1,1,1,1,0
cfb5e1e55cbc5acfb23dfd81f0eee7fefbe1681fec0860266cc31d3a89db15f0,1,0,0,0,1,0,1,-1,1,0
2f5f49463ece2d340326c5dcc13955aa899b0bc16184a568351b566195ef381d,0,0,0,0,0,1,0,0,1,0
4ed4aa0e2aefb7de6df01f7c474765fc96d7584f502db18c1574cf6383eb7a78,0,1,0,1,0,1,1,1,1,0
3d2c94e8b971b1791730f2a9336735a691a5f30e16e9bf8fa7fcb3093c014f6b,1,0,0,1,1,0,1,1,1,0
d9f9e6f66ea151abb4197e7b0f0a0176413ff45a92947701802b46b0c5aea4dc,0,0,0,1,1,1,1,0,1,1
f29dc4d743c98be9c4e708456ae040d92922fde96e34b19de1adf7e46adea29b,0,0,0,0,0,1,1,-1,1,0
02621a4863d163d3bc324011021ea6e43352e5979ef89ed23e4335f361030a96,0,1,0,0,0,1,1,0,1,0
1b85fe7c70678a14c6f762510e601e1d555c29ac0d51b3412310e63a7116841d,1,0,0,1,1,0,0,1,1,0
7d04790a27f2e4159fcdc8ed7c8ce3e85783d4e3fde7c732a17a8b0d988ff9e6,0,0,0,1,0,1,1,-1,1,1
f3519acb28a3a8bfee3d19dae396e6146403487000cf218322048d799a1e8989,0,1,1,1,0,1,1,1,1,0
166dd5a3360fef83f4ca606cec75b9c2fb757fb63b61a57fd4756fd908f919e6,0,1,1,1,0,1,0,1,0,1
1d538329d1b793910df5c1068c9ad0fe5454adfd8f0b4523ecf324abdee982d2,1,0,0,0,1,0,0,-1,1,0
1e3d4634c7efa2ece443af3b8d49bad7354c43732f6c467ed9edc8675a9654e4,1,0,0,0,1,0,0,0,1,0
